,Animal_ID,Species,Sex,Study_Group,Vaccine_Treatment,Vaccine_Route,Virus,Virus_Route,Animal_Outcome ,SD_Comment,Sample_Name,Sex,Age_Yrs,Sample_Type,Time_Point,Sample_Comment,RNA_Sample_ID,Gale_Lab_ID,RNA_Isolation_Date,RNA_Processor,RNA_Isolation_Protocol_numb,Quality_Instrument,RNA_QC_Date,RIN,RNA_Comment,Library_ID,Library_Type,Library_Processor,Library_Prep_Date,Index Type,Index_Location,Sequencing_Run,Library_Comment,Sequencing Run Code,Sequencing_Run,Machine,Flow Cell,Sequencing_Start_Date,SAV_filename,vol08_location,Seq_Comment,Library_ID_seq_run,fastq or hisat file name,GaleID,Project Name,Group01,Animal_ID,Tissue,TimePoint,RNA,Lib,I
G001_Sacha01_1_PA62_B_BSLN,PA62,cynomolgus macaque,M,Group 1,68-1 CyCMV/flu,0,avian influenza H5N1 virus,0,Protected,0,G001_Sacha01_1_PA62_B_BSLN,Male ,0,Whole Blood PAXgene,Baseline,0,G001_Sacha01_1_PA62_B_BSLN_RNA1,G001,6/10/2022,IG,0,Tapestation,6/13/2022,7.5,0,G001_Sacha01_1_PA62_B_BSLN_RNA1_Lib1,KAPA globin depletion,IGOLEZ,6/16/2022,IDT,4A01,Tapestation,20220621_Sacha01_Lifson01-AVP081_Libraries,GL38,GaleLab-38-rerun,NWGC - NovaSeq,S2 v1.5 200 cycle,7/25/2022,NA,vol08/ngs/Seattle_Genomics/Collaborations/SG_Sacha/Sacha-01/final-fastq-set,NA,G001_Sacha01_1_PA62_B_BSLN_RNA1_Lib1_GL38_S1_R1_001.fastq.gz,G001_Sacha01_1_PA62_B_BSLN_RNA1_Lib1_GL38_S1_R1_001.fastq.gz,G001,Sacha01,1,PA62,B,BSLN,RNA1,Lib1,GL38
G002_Sacha01_1_PA63_B_BSLN,PA63,cynomolgus macaque,M,Group 1,68-1 CyCMV/flu,0,avian influenza H5N1 virus,0,Non protected,0,G002_Sacha01_1_PA63_B_BSLN,Male ,0,Whole Blood PAXgene,Baseline,0,G002_Sacha01_1_PA63_B_BSLN_RNA1,G002,6/10/2022,IG,0,Tapestation,6/13/2022,7.7,0,G002_Sacha01_1_PA63_B_BSLN_RNA1_Lib1,KAPA globin depletion,IGOLEZ,6/16/2022,IDT,4B01,Tapestation,20220621_Sacha01_Lifson01-AVP081_Libraries,merged,merged GL38 and GL47,NWGC - NovaSeq,S2 v1.5 200 cycle,multiple,NA,vol08/ngs/Seattle_Genomics/Collaborations/SG_Sacha/Sacha-01/final-fastq-set,NA,G002_Sacha01_1_PA63_B_BSLN_RNA1_Lib1_merged_R1_001.fastq.gz,G002_Sacha01_1_PA63_B_BSLN_RNA1_Lib1_merged_R1_001.fastq.gz,G002,Sacha01,1,PA63,B,BSLN,RNA1,Lib1,merged
G003_Sacha01_1_PA70_B_BSLN,PA70,cynomolgus macaque,M,Group 1,68-1 CyCMV/flu,0,avian influenza H5N1 virus,0,Non protected,0,G003_Sacha01_1_PA70_B_BSLN,Male ,0,Whole Blood PAXgene,Baseline,0,G003_Sacha01_1_PA70_B_BSLN_RNA1,G003,6/10/2022,IG,0,Tapestation,6/13/2022,7.7,0,G003_Sacha01_1_PA70_B_BSLN_RNA1_Lib1,KAPA globin depletion,IGOLEZ,6/16/2022,IDT,4C01,Tapestation,20220621_Sacha01_Lifson01-AVP081_Libraries,GL38,GaleLab-38-rerun,NWGC - NovaSeq,S2 v1.5 200 cycle,7/25/2022,NA,vol08/ngs/Seattle_Genomics/Collaborations/SG_Sacha/Sacha-01/final-fastq-set,NA,G003_Sacha01_1_PA70_B_BSLN_RNA1_Lib1_GL38_S3_R1_001.fastq.gz,G003_Sacha01_1_PA70_B_BSLN_RNA1_Lib1_GL38_S3_R1_001.fastq.gz,G003,Sacha01,1,PA70,B,BSLN,RNA1,Lib1,GL38
G004_Sacha01_1_PA71_B_BSLN,PA71,cynomolgus macaque,M,Group 1,68-1 CyCMV/flu,0,avian influenza H5N1 virus,0,Protected,0,G004_Sacha01_1_PA71_B_BSLN,Male ,0,Whole Blood PAXgene,Baseline,0,G004_Sacha01_1_PA71_B_BSLN_RNA1,G004,6/10/2022,IG,0,Tapestation,6/13/2022,7.6,0,G004_Sacha01_1_PA71_B_BSLN_RNA1_Lib1,KAPA globin depletion,IGOLEZ,6/16/2022,IDT,4D01,Tapestation,20220621_Sacha01_Lifson01-AVP081_Libraries,GL38,GaleLab-38-rerun,NWGC - NovaSeq,S2 v1.5 200 cycle,7/25/2022,NA,vol08/ngs/Seattle_Genomics/Collaborations/SG_Sacha/Sacha-01/final-fastq-set,NA,G004_Sacha01_1_PA71_B_BSLN_RNA1_Lib1_GL38_S4_R1_001.fastq.gz,G004_Sacha01_1_PA71_B_BSLN_RNA1_Lib1_GL38_S4_R1_001.fastq.gz,G004,Sacha01,1,PA71,B,BSLN,RNA1,Lib1,GL38
G005_Sacha01_1_PA72_B_BSLN,PA72,cynomolgus macaque,F,Group 1,68-1 CyCMV/flu,0,avian influenza H5N1 virus,0,Protected,0,G005_Sacha01_1_PA72_B_BSLN,Female,0,Whole Blood PAXgene,Baseline,0,G005_Sacha01_1_PA72_B_BSLN_RNA1,G005,6/10/2022,IG,0,Tapestation,6/13/2022,7.8,0,G005_Sacha01_1_PA72_B_BSLN_RNA1_Lib1,KAPA globin depletion,IGOLEZ,6/16/2022,IDT,4.00E+01,Tapestation,20220621_Sacha01_Lifson01-AVP081_Libraries,GL38,GaleLab-38-rerun,NWGC - NovaSeq,S2 v1.5 200 cycle,7/25/2022,NA,vol08/ngs/Seattle_Genomics/Collaborations/SG_Sacha/Sacha-01/final-fastq-set,NA,G005_Sacha01_1_PA72_B_BSLN_RNA1_Lib1_GL38_S5_R1_001.fastq.gz,G005_Sacha01_1_PA72_B_BSLN_RNA1_Lib1_GL38_S5_R1_001.fastq.gz,G005,Sacha01,1,PA72,B,BSLN,RNA1,Lib1,GL38
G006_Sacha01_1_PA77_B_BSLN,PA77,cynomolgus macaque,M,Group 1,68-1 CyCMV/flu,0,avian influenza H5N1 virus,0,Protected,0,G006_Sacha01_1_PA77_B_BSLN,Male ,0,Whole Blood PAXgene,Baseline,0,G006_Sacha01_1_PA77_B_BSLN_RNA1,G006,6/10/2022,IG,0,Tapestation,6/13/2022,7.5,0,G006_Sacha01_1_PA77_B_BSLN_RNA1_Lib1,KAPA globin depletion,IGOLEZ,6/16/2022,IDT,4F01,Tapestation,20220621_Sacha01_Lifson01-AVP081_Libraries,GL38,GaleLab-38-rerun,NWGC - NovaSeq,S2 v1.5 200 cycle,7/25/2022,NA,vol08/ngs/Seattle_Genomics/Collaborations/SG_Sacha/Sacha-01/final-fastq-set,NA,G006_Sacha01_1_PA77_B_BSLN_RNA1_Lib1_GL38_S6_R1_001.fastq.gz,G006_Sacha01_1_PA77_B_BSLN_RNA1_Lib1_GL38_S6_R1_001.fastq.gz,G006,Sacha01,1,PA77,B,BSLN,RNA1,Lib1,GL38
G007_Sacha01_2_PA64_B_BSLN,PA64,cynomolgus macaque,M,Group 2,full length CyCMV/flu,0,avian influenza H5N1 virus,0,Non protected,0,G007_Sacha01_2_PA64_B_BSLN,Male ,0,Whole Blood PAXgene,Baseline,0,G007_Sacha01_2_PA64_B_BSLN_RNA1,G007,6/10/2022,IG,0,Tapestation,6/13/2022,7.6,0,G007_Sacha01_2_PA64_B_BSLN_RNA1_Lib1,KAPA globin depletion,IGOLEZ,6/16/2022,IDT,4G01,Tapestation,20220621_Sacha01_Lifson01-AVP081_Libraries,GL38,GaleLab-38-rerun,NWGC - NovaSeq,S2 v1.5 200 cycle,7/25/2022,NA,vol08/ngs/Seattle_Genomics/Collaborations/SG_Sacha/Sacha-01/final-fastq-set,NA,G007_Sacha01_2_PA64_B_BSLN_RNA1_Lib1_GL38_S7_R1_001.fastq.gz,G007_Sacha01_2_PA64_B_BSLN_RNA1_Lib1_GL38_S7_R1_001.fastq.gz,G007,Sacha01,2,PA64,B,BSLN,RNA1,Lib1,GL38
G008_Sacha01_2_PA65_B_BSLN,PA65,cynomolgus macaque,M,Group 2,full length CyCMV/flu,0,avian influenza H5N1 virus,0,Protected,0,G008_Sacha01_2_PA65_B_BSLN,Male ,0,Whole Blood PAXgene,Baseline,0,G008_Sacha01_2_PA65_B_BSLN_RNA1,G008,6/10/2022,IG,0,Tapestation,6/13/2022,7.6,0,G008_Sacha01_2_PA65_B_BSLN_RNA1_Lib1,KAPA globin depletion,IGOLEZ,6/16/2022,IDT,4A02,Tapestation,20220621_Sacha01_Lifson01-AVP081_Libraries,GL38,GaleLab-38-rerun,NWGC - NovaSeq,S2 v1.5 200 cycle,7/25/2022,NA,vol08/ngs/Seattle_Genomics/Collaborations/SG_Sacha/Sacha-01/final-fastq-set,NA,G008_Sacha01_2_PA65_B_BSLN_RNA1_Lib1_GL38_S9_R1_001.fastq.gz,G008_Sacha01_2_PA65_B_BSLN_RNA1_Lib1_GL38_S9_R1_001.fastq.gz,G008,Sacha01,2,PA65,B,BSLN,RNA1,Lib1,GL38
G009_Sacha01_2_PA67_B_BSLN,PA67,cynomolgus macaque,M,Group 2,full length CyCMV/flu,0,avian influenza H5N1 virus,0,Non protected,0,G009_Sacha01_2_PA67_B_BSLN,Male ,0,Whole Blood PAXgene,Baseline,0,G009_Sacha01_2_PA67_B_BSLN_RNA1,G009,6/10/2022,IG,0,Tapestation,6/13/2022,7.9,0,G009_Sacha01_2_PA67_B_BSLN_RNA1_Lib1,KAPA globin depletion,IGOLEZ,6/16/2022,IDT,4B02,Tapestation,20220621_Sacha01_Lifson01-AVP081_Libraries,GL38,GaleLab-38-rerun,NWGC - NovaSeq,S2 v1.5 200 cycle,7/25/2022,NA,vol08/ngs/Seattle_Genomics/Collaborations/SG_Sacha/Sacha-01/final-fastq-set,NA,G009_Sacha01_2_PA67_B_BSLN_RNA1_Lib1_GL38_S10_R1_001.fastq.gz,G009_Sacha01_2_PA67_B_BSLN_RNA1_Lib1_GL38_S10_R1_001.fastq.gz,G009,Sacha01,2,PA67,B,BSLN,RNA1,Lib1,GL38
G010_Sacha01_2_PA69_B_BSLN,PA69,cynomolgus macaque,M,Group 2,full length CyCMV/flu,0,avian influenza H5N1 virus,0,Protected,0,G010_Sacha01_2_PA69_B_BSLN,Male ,0,Whole Blood PAXgene,Baseline,0,G010_Sacha01_2_PA69_B_BSLN_RNA1,G010,6/10/2022,IG,0,Tapestation,6/13/2022,8.4,0,G010_Sacha01_2_PA69_B_BSLN_RNA1_Lib1,KAPA globin depletion,IGOLEZ,6/16/2022,IDT,4C02,Tapestation,20220621_Sacha01_Lifson01-AVP081_Libraries,merged,merged GL38 and GL47,NWGC - NovaSeq,S2 v1.5 200 cycle,multiple,NA,vol08/ngs/Seattle_Genomics/Collaborations/SG_Sacha/Sacha-01/final-fastq-set,NA,G010_Sacha01_2_PA69_B_BSLN_RNA1_Lib1_merged_R1_001.fastq.gz,G010_Sacha01_2_PA69_B_BSLN_RNA1_Lib1_merged_R1_001.fastq.gz,G010,Sacha01,2,PA69,B,BSLN,RNA1,Lib1,merged
G011_Sacha01_2_PA73_B_BSLN,PA73,cynomolgus macaque,F,Group 2,full length CyCMV/flu,0,avian influenza H5N1 virus,0,Deceased,0,G011_Sacha01_2_PA73_B_BSLN,Female,0,Whole Blood PAXgene,Baseline,0,G011_Sacha01_2_PA73_B_BSLN_RNA1,G011,6/10/2022,IG,0,Tapestation,6/13/2022,8.5,0,G011_Sacha01_2_PA73_B_BSLN_RNA1_Lib1,KAPA globin depletion,IGOLEZ,6/16/2022,IDT,4D02,Tapestation,20220621_Sacha01_Lifson01-AVP081_Libraries,GL38,GaleLab-38-rerun,NWGC - NovaSeq,S2 v1.5 200 cycle,7/25/2022,NA,vol08/ngs/Seattle_Genomics/Collaborations/SG_Sacha/Sacha-01/final-fastq-set,NA,G011_Sacha01_2_PA73_B_BSLN_RNA1_Lib1_GL38_S12_R1_001.fastq.gz,G011_Sacha01_2_PA73_B_BSLN_RNA1_Lib1_GL38_S12_R1_001.fastq.gz,G011,Sacha01,2,PA73,B,BSLN,RNA1,Lib1,GL38
G012_Sacha01_2_PA75_B_BSLN,PA75,cynomolgus macaque,M,Group 2,full length CyCMV/flu,0,avian influenza H5N1 virus,0,Non protected,0,G012_Sacha01_2_PA75_B_BSLN,Male ,0,Whole Blood PAXgene,Baseline,0,G012_Sacha01_2_PA75_B_BSLN_RNA1,G012,6/10/2022,IG,0,Tapestation,6/13/2022,7.7,0,G012_Sacha01_2_PA75_B_BSLN_RNA1_Lib1,KAPA globin depletion,IGOLEZ,6/16/2022,IDT,4.00E+02,Tapestation,20220621_Sacha01_Lifson01-AVP081_Libraries,GL38,GaleLab-38-rerun,NWGC - NovaSeq,S2 v1.5 200 cycle,7/25/2022,NA,vol08/ngs/Seattle_Genomics/Collaborations/SG_Sacha/Sacha-01/final-fastq-set,NA,G012_Sacha01_2_PA75_B_BSLN_RNA1_Lib1_GL38_S13_R1_001.fastq.gz,G012_Sacha01_2_PA75_B_BSLN_RNA1_Lib1_GL38_S13_R1_001.fastq.gz,G012,Sacha01,2,PA75,B,BSLN,RNA1,Lib1,GL38
G013_Sacha01_1_PA62_B_D0,PA62,cynomolgus macaque,M,Group 1,68-1 CyCMV/flu,0,avian influenza H5N1 virus,0,Protected,0,G013_Sacha01_1_PA62_B_D0,Male ,0,Whole Blood PAXgene,Day 0,0,G013_Sacha01_1_PA62_B_D0_RNA1,G013,6/10/2022,IG,0,Tapestation,6/13/2022,7.9,0,G013_Sacha01_1_PA62_B_D0_RNA1_Lib2,KAPA globin depletion,IGOLEZ,6/22/2022,IDT,3.00E+12,Bioanalyzer,20220623_Sacha01_G013-Repeat_Library_High Sensitivity DNA Assay,GL38,GaleLab-38-rerun,NWGC - NovaSeq,S2 v1.5 200 cycle,7/25/2022,NA,vol08/ngs/Seattle_Genomics/Collaborations/SG_Sacha/Sacha-01/final-fastq-set,NA,G013_Sacha01_1_PA62_B_D0_RNA1_Lib2_GL38_S95_R1_001.fastq.gz,G013_Sacha01_1_PA62_B_D0_RNA1_Lib2_GL38_S95_R1_001.fastq.gz,G013,Sacha01,1,PA62,B,D0,RNA1,Lib2,GL38
G014_Sacha01_1_PA63_B_D0,PA63,cynomolgus macaque,M,Group 1,68-1 CyCMV/flu,0,avian influenza H5N1 virus,0,Non protected,0,G014_Sacha01_1_PA63_B_D0,Male ,0,Whole Blood PAXgene,Day 0,0,G014_Sacha01_1_PA63_B_D0_RNA1,G014,6/10/2022,IG,0,Tapestation,6/13/2022,7.5,0,G014_Sacha01_1_PA63_B_D0_RNA1_Lib1,KAPA globin depletion,IGOLEZ,6/16/2022,IDT,4G02,Tapestation,20220621_Sacha01_Lifson01-AVP081_Libraries,GL38,GaleLab-38-rerun,NWGC - NovaSeq,S2 v1.5 200 cycle,7/25/2022,NA,vol08/ngs/Seattle_Genomics/Collaborations/SG_Sacha/Sacha-01/final-fastq-set,NA,G014_Sacha01_1_PA63_B_D0_RNA1_Lib1_GL38_S14_R1_001.fastq.gz,G014_Sacha01_1_PA63_B_D0_RNA1_Lib1_GL38_S14_R1_001.fastq.gz,G014,Sacha01,1,PA63,B,D0,RNA1,Lib1,GL38
G015_Sacha01_1_PA70_B_D0,PA70,cynomolgus macaque,M,Group 1,68-1 CyCMV/flu,0,avian influenza H5N1 virus,0,Non protected,0,G015_Sacha01_1_PA70_B_D0,Male ,0,Whole Blood PAXgene,Day 0,0,G015_Sacha01_1_PA70_B_D0_RNA1,G015,6/10/2022,IG,0,Tapestation,6/13/2022,6.7,0,G015_Sacha01_1_PA70_B_D0_RNA1_Lib1,KAPA globin depletion,IGOLEZ,6/16/2022,IDT,4H02,Tapestation,20220621_Sacha01_Lifson01-AVP081_Libraries,merged,merged GL38 and GL47,NWGC - NovaSeq,S2 v1.5 200 cycle,multiple,NA,vol08/ngs/Seattle_Genomics/Collaborations/SG_Sacha/Sacha-01/final-fastq-set,NA,G015_Sacha01_1_PA70_B_D0_RNA1_Lib1_merged_R1_001.fastq.gz,G015_Sacha01_1_PA70_B_D0_RNA1_Lib1_merged_R1_001.fastq.gz,G015,Sacha01,1,PA70,B,D0,RNA1,Lib1,merged
G016_Sacha01_1_PA71_B_D0,PA71,cynomolgus macaque,M,Group 1,68-1 CyCMV/flu,0,avian influenza H5N1 virus,0,Protected,0,G016_Sacha01_1_PA71_B_D0,Male ,0,Whole Blood PAXgene,Day 0,0,G016_Sacha01_1_PA71_B_D0_RNA1,G016,6/10/2022,IG,0,Tapestation,6/13/2022,7.4,0,G016_Sacha01_1_PA71_B_D0_RNA1_Lib1,KAPA globin depletion,IGOLEZ,6/16/2022,IDT,4A03,Tapestation,20220621_Sacha01_Lifson01-AVP081_Libraries,GL38,GaleLab-38-rerun,NWGC - NovaSeq,S2 v1.5 200 cycle,7/25/2022,NA,vol08/ngs/Seattle_Genomics/Collaborations/SG_Sacha/Sacha-01/final-fastq-set,NA,G016_Sacha01_1_PA71_B_D0_RNA1_Lib1_GL38_S16_R1_001.fastq.gz,G016_Sacha01_1_PA71_B_D0_RNA1_Lib1_GL38_S16_R1_001.fastq.gz,G016,Sacha01,1,PA71,B,D0,RNA1,Lib1,GL38
G017_Sacha01_1_PA72_B_D0,PA72,cynomolgus macaque,F,Group 1,68-1 CyCMV/flu,0,avian influenza H5N1 virus,0,Protected,0,G017_Sacha01_1_PA72_B_D0,Female,0,Whole Blood PAXgene,Day 0,0,G017_Sacha01_1_PA72_B_D0_RNA1,G017,6/10/2022,IG,0,Tapestation,6/13/2022,7.1,0,G017_Sacha01_1_PA72_B_D0_RNA1_Lib1,KAPA globin depletion,IGOLEZ,6/16/2022,IDT,4B03,Tapestation,20220621_Sacha01_Lifson01-AVP081_Libraries,GL38,GaleLab-38-rerun,NWGC - NovaSeq,S2 v1.5 200 cycle,7/25/2022,NA,vol08/ngs/Seattle_Genomics/Collaborations/SG_Sacha/Sacha-01/final-fastq-set,NA,G017_Sacha01_1_PA72_B_D0_RNA1_Lib1_GL38_S17_R1_001.fastq.gz,G017_Sacha01_1_PA72_B_D0_RNA1_Lib1_GL38_S17_R1_001.fastq.gz,G017,Sacha01,1,PA72,B,D0,RNA1,Lib1,GL38
G018_Sacha01_1_PA77_B_D0,PA77,cynomolgus macaque,M,Group 1,68-1 CyCMV/flu,0,avian influenza H5N1 virus,0,Protected,0,G018_Sacha01_1_PA77_B_D0,Male ,0,Whole Blood PAXgene,Day 0,0,G018_Sacha01_1_PA77_B_D0_RNA1,G018,6/10/2022,IG,0,Tapestation,6/13/2022,8.3,0,G018_Sacha01_1_PA77_B_D0_RNA1_Lib1,KAPA globin depletion,IGOLEZ,6/16/2022,IDT,4C03,Tapestation,20220621_Sacha01_Lifson01-AVP081_Libraries,GL38,GaleLab-38-rerun,NWGC - NovaSeq,S2 v1.5 200 cycle,7/25/2022,NA,vol08/ngs/Seattle_Genomics/Collaborations/SG_Sacha/Sacha-01/final-fastq-set,NA,G018_Sacha01_1_PA77_B_D0_RNA1_Lib1_GL38_S18_R1_001.fastq.gz,G018_Sacha01_1_PA77_B_D0_RNA1_Lib1_GL38_S18_R1_001.fastq.gz,G018,Sacha01,1,PA77,B,D0,RNA1,Lib1,GL38
G019_Sacha01_2_PA64_B_D0,PA64,cynomolgus macaque,M,Group 2,full length CyCMV/flu,0,avian influenza H5N1 virus,0,Non protected,0,G019_Sacha01_2_PA64_B_D0,Male ,0,Whole Blood PAXgene,Day 0,0,G019_Sacha01_2_PA64_B_D0_RNA1,G019,6/10/2022,IG,0,Tapestation,6/13/2022,7.7,0,G019_Sacha01_2_PA64_B_D0_RNA1_Lib1,KAPA globin depletion,IGOLEZ,6/16/2022,IDT,4D03,Tapestation,20220621_Sacha01_Lifson01-AVP081_Libraries,GL38,GaleLab-38-rerun,NWGC - NovaSeq,S2 v1.5 200 cycle,7/25/2022,NA,vol08/ngs/Seattle_Genomics/Collaborations/SG_Sacha/Sacha-01/final-fastq-set,NA,G019_Sacha01_2_PA64_B_D0_RNA1_Lib1_GL38_S19_R1_001.fastq.gz,G019_Sacha01_2_PA64_B_D0_RNA1_Lib1_GL38_S19_R1_001.fastq.gz,G019,Sacha01,2,PA64,B,D0,RNA1,Lib1,GL38
G020_Sacha01_2_PA65_B_D0,PA65,cynomolgus macaque,M,Group 2,full length CyCMV/flu,0,avian influenza H5N1 virus,0,Protected,0,G020_Sacha01_2_PA65_B_D0,Male ,0,Whole Blood PAXgene,Day 0,0,G020_Sacha01_2_PA65_B_D0_RNA1,G020,6/10/2022,IG,0,Tapestation,6/13/2022,8,0,G020_Sacha01_2_PA65_B_D0_RNA1_Lib1,KAPA globin depletion,IGOLEZ,6/16/2022,IDT,4.00E+03,Tapestation,20220621_Sacha01_Lifson01-AVP081_Libraries,GL38,GaleLab-38-rerun,NWGC - NovaSeq,S2 v1.5 200 cycle,7/25/2022,NA,vol08/ngs/Seattle_Genomics/Collaborations/SG_Sacha/Sacha-01/final-fastq-set,NA,G020_Sacha01_2_PA65_B_D0_RNA1_Lib1_GL38_S20_R1_001.fastq.gz,G020_Sacha01_2_PA65_B_D0_RNA1_Lib1_GL38_S20_R1_001.fastq.gz,G020,Sacha01,2,PA65,B,D0,RNA1,Lib1,GL38
G021_Sacha01_2_PA67_B_D0,PA67,cynomolgus macaque,M,Group 2,full length CyCMV/flu,0,avian influenza H5N1 virus,0,Non protected,0,G021_Sacha01_2_PA67_B_D0,Male ,0,Whole Blood PAXgene,Day 0,0,G021_Sacha01_2_PA67_B_D0_RNA1,G021,6/10/2022,IG,0,Tapestation,6/13/2022,6.9,0,G021_Sacha01_2_PA67_B_D0_RNA1_Lib1,KAPA globin depletion,IGOLEZ,6/16/2022,IDT,4F03,Tapestation,20220621_Sacha01_Lifson01-AVP081_Libraries,GL38,GaleLab-38-rerun,NWGC - NovaSeq,S2 v1.5 200 cycle,7/25/2022,NA,vol08/ngs/Seattle_Genomics/Collaborations/SG_Sacha/Sacha-01/final-fastq-set,NA,G021_Sacha01_2_PA67_B_D0_RNA1_Lib1_GL38_S21_R1_001.fastq.gz,G021_Sacha01_2_PA67_B_D0_RNA1_Lib1_GL38_S21_R1_001.fastq.gz,G021,Sacha01,2,PA67,B,D0,RNA1,Lib1,GL38
G022_Sacha01_2_PA69_B_D0,PA69,cynomolgus macaque,M,Group 2,full length CyCMV/flu,0,avian influenza H5N1 virus,0,Protected,0,G022_Sacha01_2_PA69_B_D0,Male ,0,Whole Blood PAXgene,Day 0,0,G022_Sacha01_2_PA69_B_D0_RNA1,G022,6/10/2022,IG,0,Tapestation,6/13/2022,8.4,0,G022_Sacha01_2_PA69_B_D0_RNA1_Lib1,KAPA globin depletion,IGOLEZ,6/16/2022,IDT,4G03,Tapestation,20220621_Sacha01_Lifson01-AVP081_Libraries,GL38,GaleLab-38-rerun,NWGC - NovaSeq,S2 v1.5 200 cycle,7/25/2022,NA,vol08/ngs/Seattle_Genomics/Collaborations/SG_Sacha/Sacha-01/final-fastq-set,NA,G022_Sacha01_2_PA69_B_D0_RNA1_Lib1_GL38_S22_R1_001.fastq.gz,G022_Sacha01_2_PA69_B_D0_RNA1_Lib1_GL38_S22_R1_001.fastq.gz,G022,Sacha01,2,PA69,B,D0,RNA1,Lib1,GL38
G023_Sacha01_2_PA73_B_D0,PA73,cynomolgus macaque,F,Group 2,full length CyCMV/flu,0,avian influenza H5N1 virus,0,Deceased,0,G023_Sacha01_2_PA73_B_D0,Female,0,Whole Blood PAXgene,Day 0,0,G023_Sacha01_2_PA73_B_D0_RNA1,G023,6/10/2022,IG,0,Tapestation,6/13/2022,7.7,0,G023_Sacha01_2_PA73_B_D0_RNA1_Lib1,KAPA globin depletion,IGOLEZ,6/16/2022,IDT,4H03,Tapestation,20220621_Sacha01_Lifson01-AVP081_Libraries,GL38,GaleLab-38-rerun,NWGC - NovaSeq,S2 v1.5 200 cycle,7/25/2022,NA,vol08/ngs/Seattle_Genomics/Collaborations/SG_Sacha/Sacha-01/final-fastq-set,NA,G023_Sacha01_2_PA73_B_D0_RNA1_Lib1_GL38_S23_R1_001.fastq.gz,G023_Sacha01_2_PA73_B_D0_RNA1_Lib1_GL38_S23_R1_001.fastq.gz,G023,Sacha01,2,PA73,B,D0,RNA1,Lib1,GL38
G024_Sacha01_2_PA75_B_D0,PA75,cynomolgus macaque,M,Group 2,full length CyCMV/flu,0,avian influenza H5N1 virus,0,Non protected,0,G024_Sacha01_2_PA75_B_D0,Male ,0,Whole Blood PAXgene,Day 0,0,G024_Sacha01_2_PA75_B_D0_RNA1,G024,6/10/2022,IG,0,Tapestation,6/13/2022,8,0,G024_Sacha01_2_PA75_B_D0_RNA1_Lib1,KAPA globin depletion,IGOLEZ,6/16/2022,IDT,4A04,Tapestation,20220621_Sacha01_Lifson01-AVP081_Libraries,GL38,GaleLab-38-rerun,NWGC - NovaSeq,S2 v1.5 200 cycle,7/25/2022,NA,vol08/ngs/Seattle_Genomics/Collaborations/SG_Sacha/Sacha-01/final-fastq-set,NA,G024_Sacha01_2_PA75_B_D0_RNA1_Lib1_GL38_S24_R1_001.fastq.gz,G024_Sacha01_2_PA75_B_D0_RNA1_Lib1_GL38_S24_R1_001.fastq.gz,G024,Sacha01,2,PA75,B,D0,RNA1,Lib1,GL38
G025_Sacha01_1_PA62_B_D3,PA62,cynomolgus macaque,M,Group 1,68-1 CyCMV/flu,0,avian influenza H5N1 virus,0,Protected,0,G025_Sacha01_1_PA62_B_D3,Male ,0,Whole Blood PAXgene,Day 3,0,G025_Sacha01_1_PA62_B_D3_RNA1,G025,6/10/2022,IG,0,Tapestation,6/13/2022,8.1,0,G025_Sacha01_1_PA62_B_D3_RNA1_Lib1,KAPA globin depletion,IGOLEZ,6/16/2022,IDT,4B04,Tapestation,20220621_Sacha01_Lifson01-AVP081_Libraries,GL38,GaleLab-38-rerun,NWGC - NovaSeq,S2 v1.5 200 cycle,7/25/2022,NA,vol08/ngs/Seattle_Genomics/Collaborations/SG_Sacha/Sacha-01/final-fastq-set,NA,G025_Sacha01_1_PA62_B_D3_RNA1_Lib1_GL38_S25_R1_001.fastq.gz,G025_Sacha01_1_PA62_B_D3_RNA1_Lib1_GL38_S25_R1_001.fastq.gz,G025,Sacha01,1,PA62,B,D3,RNA1,Lib1,GL38
G026_Sacha01_1_PA63_B_D3,PA63,cynomolgus macaque,M,Group 1,68-1 CyCMV/flu,0,avian influenza H5N1 virus,0,Non protected,0,G026_Sacha01_1_PA63_B_D3,Male ,0,Whole Blood PAXgene,Day 3,0,G026_Sacha01_1_PA63_B_D3_RNA1,G026,6/10/2022,IG,0,Tapestation,6/13/2022,8,0,G026_Sacha01_1_PA63_B_D3_RNA1_Lib1,KAPA globin depletion,IGOLEZ,6/16/2022,IDT,4C04,Tapestation,20220621_Sacha01_Lifson01-AVP081_Libraries,GL38,GaleLab-38-rerun,NWGC - NovaSeq,S2 v1.5 200 cycle,7/25/2022,NA,vol08/ngs/Seattle_Genomics/Collaborations/SG_Sacha/Sacha-01/final-fastq-set,NA,G026_Sacha01_1_PA63_B_D3_RNA1_Lib1_GL38_S26_R1_001.fastq.gz,G026_Sacha01_1_PA63_B_D3_RNA1_Lib1_GL38_S26_R1_001.fastq.gz,G026,Sacha01,1,PA63,B,D3,RNA1,Lib1,GL38
G027_Sacha01_1_PA70_B_D3,PA70,cynomolgus macaque,M,Group 1,68-1 CyCMV/flu,0,avian influenza H5N1 virus,0,Non protected,0,G027_Sacha01_1_PA70_B_D3,Male ,0,Whole Blood PAXgene,Day 3,0,G027_Sacha01_1_PA70_B_D3_RNA1,G027,6/10/2022,IG,0,Tapestation,6/13/2022,8.3,0,G027_Sacha01_1_PA70_B_D3_RNA1_Lib1,KAPA globin depletion,IGOLEZ,6/16/2022,IDT,4D04,Tapestation,20220621_Sacha01_Lifson01-AVP081_Libraries,GL38,GaleLab-38-rerun,NWGC - NovaSeq,S2 v1.5 200 cycle,7/25/2022,NA,vol08/ngs/Seattle_Genomics/Collaborations/SG_Sacha/Sacha-01/final-fastq-set,NA,G027_Sacha01_1_PA70_B_D3_RNA1_Lib1_GL38_S27_R1_001.fastq.gz,G027_Sacha01_1_PA70_B_D3_RNA1_Lib1_GL38_S27_R1_001.fastq.gz,G027,Sacha01,1,PA70,B,D3,RNA1,Lib1,GL38
G028_Sacha01_1_PA71_B_D3,PA71,cynomolgus macaque,M,Group 1,68-1 CyCMV/flu,0,avian influenza H5N1 virus,0,Protected,0,G028_Sacha01_1_PA71_B_D3,Male ,0,Whole Blood PAXgene,Day 3,0,G028_Sacha01_1_PA71_B_D3_RNA1,G028,6/10/2022,IG,0,Tapestation,6/13/2022,8,0,G028_Sacha01_1_PA71_B_D3_RNA1_Lib1,KAPA globin depletion,IGOLEZ,6/16/2022,IDT,4.00E+04,Tapestation,20220621_Sacha01_Lifson01-AVP081_Libraries,GL38,GaleLab-38-rerun,NWGC - NovaSeq,S2 v1.5 200 cycle,7/25/2022,NA,vol08/ngs/Seattle_Genomics/Collaborations/SG_Sacha/Sacha-01/final-fastq-set,NA,G028_Sacha01_1_PA71_B_D3_RNA1_Lib1_GL38_S28_R1_001.fastq.gz,G028_Sacha01_1_PA71_B_D3_RNA1_Lib1_GL38_S28_R1_001.fastq.gz,G028,Sacha01,1,PA71,B,D3,RNA1,Lib1,GL38
G029_Sacha01_1_PA72_B_D3,PA72,cynomolgus macaque,F,Group 1,68-1 CyCMV/flu,0,avian influenza H5N1 virus,0,Protected,0,G029_Sacha01_1_PA72_B_D3,Female,0,Whole Blood PAXgene,Day 3,0,G029_Sacha01_1_PA72_B_D3_RNA1,G029,6/10/2022,IG,0,Tapestation,6/13/2022,7.4,0,G029_Sacha01_1_PA72_B_D3_RNA1_Lib1,KAPA globin depletion,IGOLEZ,6/16/2022,IDT,4F04,Tapestation,20220621_Sacha01_Lifson01-AVP081_Libraries,GL38,GaleLab-38-rerun,NWGC - NovaSeq,S2 v1.5 200 cycle,7/25/2022,NA,vol08/ngs/Seattle_Genomics/Collaborations/SG_Sacha/Sacha-01/final-fastq-set,NA,G029_Sacha01_1_PA72_B_D3_RNA1_Lib1_GL38_S29_R1_001.fastq.gz,G029_Sacha01_1_PA72_B_D3_RNA1_Lib1_GL38_S29_R1_001.fastq.gz,G029,Sacha01,1,PA72,B,D3,RNA1,Lib1,GL38
G030_Sacha01_1_PA77_B_D3,PA77,cynomolgus macaque,M,Group 1,68-1 CyCMV/flu,0,avian influenza H5N1 virus,0,Protected,0,G030_Sacha01_1_PA77_B_D3,Male ,0,Whole Blood PAXgene,Day 3,0,G030_Sacha01_1_PA77_B_D3_RNA1,G030,6/10/2022,IG,0,Tapestation,6/13/2022,7.4,0,G030_Sacha01_1_PA77_B_D3_RNA1_Lib1,KAPA globin depletion,IGOLEZ,6/16/2022,IDT,4G04,Tapestation,20220621_Sacha01_Lifson01-AVP081_Libraries,GL38,GaleLab-38-rerun,NWGC - NovaSeq,S2 v1.5 200 cycle,7/25/2022,NA,vol08/ngs/Seattle_Genomics/Collaborations/SG_Sacha/Sacha-01/final-fastq-set,NA,G030_Sacha01_1_PA77_B_D3_RNA1_Lib1_GL38_S30_R1_001.fastq.gz,G030_Sacha01_1_PA77_B_D3_RNA1_Lib1_GL38_S30_R1_001.fastq.gz,G030,Sacha01,1,PA77,B,D3,RNA1,Lib1,GL38
G031_Sacha01_2_PA64_B_D3,PA64,cynomolgus macaque,M,Group 2,full length CyCMV/flu,0,avian influenza H5N1 virus,0,Non protected,0,G031_Sacha01_2_PA64_B_D3,Male ,0,Whole Blood PAXgene,Day 3,0,G031_Sacha01_2_PA64_B_D3_RNA1,G031,6/10/2022,IG,0,Tapestation,6/13/2022,7.8,0,G031_Sacha01_2_PA64_B_D3_RNA1_Lib1,KAPA globin depletion,IGOLEZ,6/16/2022,IDT,4H04,Tapestation,20220621_Sacha01_Lifson01-AVP081_Libraries,GL38,GaleLab-38-rerun,NWGC - NovaSeq,S2 v1.5 200 cycle,7/25/2022,NA,vol08/ngs/Seattle_Genomics/Collaborations/SG_Sacha/Sacha-01/final-fastq-set,NA,G031_Sacha01_2_PA64_B_D3_RNA1_Lib1_GL38_S31_R1_001.fastq.gz,G031_Sacha01_2_PA64_B_D3_RNA1_Lib1_GL38_S31_R1_001.fastq.gz,G031,Sacha01,2,PA64,B,D3,RNA1,Lib1,GL38
G032_Sacha01_2_PA65_B_D3,PA65,cynomolgus macaque,M,Group 2,full length CyCMV/flu,0,avian influenza H5N1 virus,0,Protected,0,G032_Sacha01_2_PA65_B_D3,Male ,0,Whole Blood PAXgene,Day 3,0,G032_Sacha01_2_PA65_B_D3_RNA1,G032,6/10/2022,IG,0,Tapestation,6/13/2022,7.2,0,G032_Sacha01_2_PA65_B_D3_RNA1_Lib1,KAPA globin depletion,IGOLEZ,6/16/2022,IDT,4A05,Tapestation,20220621_Sacha01_Lifson01-AVP081_Libraries,GL38,GaleLab-38-rerun,NWGC - NovaSeq,S2 v1.5 200 cycle,7/25/2022,NA,vol08/ngs/Seattle_Genomics/Collaborations/SG_Sacha/Sacha-01/final-fastq-set,NA,G032_Sacha01_2_PA65_B_D3_RNA1_Lib1_GL38_S32_R1_001.fastq.gz,G032_Sacha01_2_PA65_B_D3_RNA1_Lib1_GL38_S32_R1_001.fastq.gz,G032,Sacha01,2,PA65,B,D3,RNA1,Lib1,GL38
G033_Sacha01_2_PA67_B_D3,PA67,cynomolgus macaque,M,Group 2,full length CyCMV/flu,0,avian influenza H5N1 virus,0,Non protected,0,G033_Sacha01_2_PA67_B_D3,Male ,0,Whole Blood PAXgene,Day 3,0,G033_Sacha01_2_PA67_B_D3_RNA1,G033,6/10/2022,IG,0,Tapestation,6/13/2022,7.6,0,G033_Sacha01_2_PA67_B_D3_RNA1_Lib1,KAPA globin depletion,IGOLEZ,6/16/2022,IDT,4B05,Tapestation,20220621_Sacha01_Lifson01-AVP081_Libraries,merged,merged GL38 and GL47,NWGC - NovaSeq,S2 v1.5 200 cycle,multiple,NA,vol08/ngs/Seattle_Genomics/Collaborations/SG_Sacha/Sacha-01/final-fastq-set,NA,G033_Sacha01_2_PA67_B_D3_RNA1_Lib1_merged_R1_001.fastq.gz,G033_Sacha01_2_PA67_B_D3_RNA1_Lib1_merged_R1_001.fastq.gz,G033,Sacha01,2,PA67,B,D3,RNA1,Lib1,merged
G034_Sacha01_2_PA69_B_D3,PA69,cynomolgus macaque,M,Group 2,full length CyCMV/flu,0,avian influenza H5N1 virus,0,Protected,0,G034_Sacha01_2_PA69_B_D3,Male ,0,Whole Blood PAXgene,Day 3,0,G034_Sacha01_2_PA69_B_D3_RNA1,G034,6/10/2022,IG,0,Tapestation,6/13/2022,7.9,0,G034_Sacha01_2_PA69_B_D3_RNA1_Lib1,KAPA globin depletion,IGOLEZ,6/16/2022,IDT,4C05,Tapestation,20220621_Sacha01_Lifson01-AVP081_Libraries,merged,merged GL38 and GL47,NWGC - NovaSeq,S2 v1.5 200 cycle,multiple,NA,vol08/ngs/Seattle_Genomics/Collaborations/SG_Sacha/Sacha-01/final-fastq-set,NA,G034_Sacha01_2_PA69_B_D3_RNA1_Lib1_merged_R1_001.fastq.gz,G034_Sacha01_2_PA69_B_D3_RNA1_Lib1_merged_R1_001.fastq.gz,G034,Sacha01,2,PA69,B,D3,RNA1,Lib1,merged
G035_Sacha01_2_PA73_B_D3,PA73,cynomolgus macaque,F,Group 2,full length CyCMV/flu,0,avian influenza H5N1 virus,0,Deceased,0,G035_Sacha01_2_PA73_B_D3,Female,0,Whole Blood PAXgene,Day 3,0,G035_Sacha01_2_PA73_B_D3_RNA1,G035,6/10/2022,IG,0,Tapestation,6/13/2022,8,0,G035_Sacha01_2_PA73_B_D3_RNA1_Lib1,KAPA globin depletion,IGOLEZ,6/16/2022,IDT,4D05,Tapestation,20220621_Sacha01_Lifson01-AVP081_Libraries,GL38,GaleLab-38-rerun,NWGC - NovaSeq,S2 v1.5 200 cycle,7/25/2022,NA,vol08/ngs/Seattle_Genomics/Collaborations/SG_Sacha/Sacha-01/final-fastq-set,NA,G035_Sacha01_2_PA73_B_D3_RNA1_Lib1_GL38_S35_R1_001.fastq.gz,G035_Sacha01_2_PA73_B_D3_RNA1_Lib1_GL38_S35_R1_001.fastq.gz,G035,Sacha01,2,PA73,B,D3,RNA1,Lib1,GL38
G036_Sacha01_2_PA75_B_D3,PA75,cynomolgus macaque,M,Group 2,full length CyCMV/flu,0,avian influenza H5N1 virus,0,Non protected,0,G036_Sacha01_2_PA75_B_D3,Male ,0,Whole Blood PAXgene,Day 3,0,G036_Sacha01_2_PA75_B_D3_RNA1,G036,6/10/2022,IG,0,Tapestation,6/13/2022,6.8,0,G036_Sacha01_2_PA75_B_D3_RNA1_Lib1,KAPA globin depletion,IGOLEZ,6/16/2022,IDT,4.00E+05,Tapestation,20220621_Sacha01_Lifson01-AVP081_Libraries,GL38,GaleLab-38-rerun,NWGC - NovaSeq,S2 v1.5 200 cycle,7/25/2022,NA,vol08/ngs/Seattle_Genomics/Collaborations/SG_Sacha/Sacha-01/final-fastq-set,NA,G036_Sacha01_2_PA75_B_D3_RNA1_Lib1_GL38_S36_R1_001.fastq.gz,G036_Sacha01_2_PA75_B_D3_RNA1_Lib1_GL38_S36_R1_001.fastq.gz,G036,Sacha01,2,PA75,B,D3,RNA1,Lib1,GL38
G037_Sacha01_1_PA62_B_D14,PA62,cynomolgus macaque,M,Group 1,68-1 CyCMV/flu,0,avian influenza H5N1 virus,0,Protected,0,G037_Sacha01_1_PA62_B_D14,Male ,0,Whole Blood PAXgene,Day14,0,G037_Sacha01_1_PA62_B_D14_RNA1,G037,6/10/2022,IG,0,Tapestation,6/13/2022,7.9,0,G037_Sacha01_1_PA62_B_D14_RNA1_Lib1,KAPA globin depletion,IGOLEZ,6/16/2022,IDT,4F05,Tapestation,20220621_Sacha01_Lifson01-AVP081_Libraries,GL38,GaleLab-38-rerun,NWGC - NovaSeq,S2 v1.5 200 cycle,7/25/2022,NA,vol08/ngs/Seattle_Genomics/Collaborations/SG_Sacha/Sacha-01/final-fastq-set,NA,G037_Sacha01_1_PA62_B_D14_RNA1_Lib1_GL38_S37_R1_001.fastq.gz,G037_Sacha01_1_PA62_B_D14_RNA1_Lib1_GL38_S37_R1_001.fastq.gz,G037,Sacha01,1,PA62,B,D14,RNA1,Lib1,GL38
G038_Sacha01_1_PA63_B_D14,PA63,cynomolgus macaque,M,Group 1,68-1 CyCMV/flu,0,avian influenza H5N1 virus,0,Non protected,0,G038_Sacha01_1_PA63_B_D14,Male ,0,Whole Blood PAXgene,Day14,0,G038_Sacha01_1_PA63_B_D14_RNA1,G038,6/10/2022,IG,0,Tapestation,6/13/2022,7.2,0,G038_Sacha01_1_PA63_B_D14_RNA1_Lib1,KAPA globin depletion,IGOLEZ,6/16/2022,IDT,4G05,Tapestation,20220621_Sacha01_Lifson01-AVP081_Libraries,GL38,GaleLab-38-rerun,NWGC - NovaSeq,S2 v1.5 200 cycle,7/25/2022,NA,vol08/ngs/Seattle_Genomics/Collaborations/SG_Sacha/Sacha-01/final-fastq-set,NA,G038_Sacha01_1_PA63_B_D14_RNA1_Lib1_GL38_S38_R1_001.fastq.gz,G038_Sacha01_1_PA63_B_D14_RNA1_Lib1_GL38_S38_R1_001.fastq.gz,G038,Sacha01,1,PA63,B,D14,RNA1,Lib1,GL38
G039_Sacha01_1_PA70_B_D14,PA70,cynomolgus macaque,M,Group 1,68-1 CyCMV/flu,0,avian influenza H5N1 virus,0,Non protected,0,G039_Sacha01_1_PA70_B_D14,Male ,0,Whole Blood PAXgene,Day14,0,G039_Sacha01_1_PA70_B_D14_RNA1,G039,6/10/2022,IG,0,Tapestation,6/13/2022,7.9,0,G039_Sacha01_1_PA70_B_D14_RNA1_Lib1,KAPA globin depletion,IGOLEZ,6/16/2022,IDT,4H05,Tapestation,20220621_Sacha01_Lifson01-AVP081_Libraries,GL38,GaleLab-38-rerun,NWGC - NovaSeq,S2 v1.5 200 cycle,7/25/2022,NA,vol08/ngs/Seattle_Genomics/Collaborations/SG_Sacha/Sacha-01/final-fastq-set,NA,G039_Sacha01_1_PA70_B_D14_RNA1_Lib1_GL38_S39_R1_001.fastq.gz,G039_Sacha01_1_PA70_B_D14_RNA1_Lib1_GL38_S39_R1_001.fastq.gz,G039,Sacha01,1,PA70,B,D14,RNA1,Lib1,GL38
G040_Sacha01_1_PA71_B_D14,PA71,cynomolgus macaque,M,Group 1,68-1 CyCMV/flu,0,avian influenza H5N1 virus,0,Protected,0,G040_Sacha01_1_PA71_B_D14,Male ,0,Whole Blood PAXgene,Day14,0,G040_Sacha01_1_PA71_B_D14_RNA1,G040,6/10/2022,IG,0,Tapestation,6/13/2022,8.2,0,G040_Sacha01_1_PA71_B_D14_RNA1_Lib1,KAPA globin depletion,IGOLEZ,6/16/2022,IDT,4B06,Tapestation,20220621_Sacha01_Lifson01-AVP081_Libraries,GL38,GaleLab-38-rerun,NWGC - NovaSeq,S2 v1.5 200 cycle,7/25/2022,NA,vol08/ngs/Seattle_Genomics/Collaborations/SG_Sacha/Sacha-01/final-fastq-set,NA,G040_Sacha01_1_PA71_B_D14_RNA1_Lib1_GL38_S41_R1_001.fastq.gz,G040_Sacha01_1_PA71_B_D14_RNA1_Lib1_GL38_S41_R1_001.fastq.gz,G040,Sacha01,1,PA71,B,D14,RNA1,Lib1,GL38
G041_Sacha01_1_PA72_B_D14,PA72,cynomolgus macaque,F,Group 1,68-1 CyCMV/flu,0,avian influenza H5N1 virus,0,Protected,0,G041_Sacha01_1_PA72_B_D14,Female,0,Whole Blood PAXgene,Day14,0,G041_Sacha01_1_PA72_B_D14_RNA1,G041,6/10/2022,IG,0,Tapestation,6/13/2022,7.9,0,G041_Sacha01_1_PA72_B_D14_RNA1_Lib1,KAPA globin depletion,IGOLEZ,6/16/2022,IDT,4C06,Tapestation,20220621_Sacha01_Lifson01-AVP081_Libraries,GL38,GaleLab-38-rerun,NWGC - NovaSeq,S2 v1.5 200 cycle,7/25/2022,NA,vol08/ngs/Seattle_Genomics/Collaborations/SG_Sacha/Sacha-01/final-fastq-set,NA,G041_Sacha01_1_PA72_B_D14_RNA1_Lib1_GL38_S42_R1_001.fastq.gz,G041_Sacha01_1_PA72_B_D14_RNA1_Lib1_GL38_S42_R1_001.fastq.gz,G041,Sacha01,1,PA72,B,D14,RNA1,Lib1,GL38
G042_Sacha01_1_PA77_B_D14,PA77,cynomolgus macaque,M,Group 1,68-1 CyCMV/flu,0,avian influenza H5N1 virus,0,Protected,0,G042_Sacha01_1_PA77_B_D14,Male ,0,Whole Blood PAXgene,Day14,0,G042_Sacha01_1_PA77_B_D14_RNA1,G042,6/10/2022,IG,0,Tapestation,6/13/2022,8.4,0,G042_Sacha01_1_PA77_B_D14_RNA1_Lib1,KAPA globin depletion,IGOLEZ,6/16/2022,IDT,4D06,Tapestation,20220621_Sacha01_Lifson01-AVP081_Libraries,GL38,GaleLab-38-rerun,NWGC - NovaSeq,S2 v1.5 200 cycle,7/25/2022,NA,vol08/ngs/Seattle_Genomics/Collaborations/SG_Sacha/Sacha-01/final-fastq-set,NA,G042_Sacha01_1_PA77_B_D14_RNA1_Lib1_GL38_S43_R1_001.fastq.gz,G042_Sacha01_1_PA77_B_D14_RNA1_Lib1_GL38_S43_R1_001.fastq.gz,G042,Sacha01,1,PA77,B,D14,RNA1,Lib1,GL38
G043_Sacha01_2_PA64_B_D14,PA64,cynomolgus macaque,M,Group 2,full length CyCMV/flu,0,avian influenza H5N1 virus,0,Non protected,0,G043_Sacha01_2_PA64_B_D14,Male ,0,Whole Blood PAXgene,Day14,0,G043_Sacha01_2_PA64_B_D14_RNA1,G043,6/10/2022,IG,0,Tapestation,6/13/2022,8.5,0,G043_Sacha01_2_PA64_B_D14_RNA1_Lib1,KAPA globin depletion,IGOLEZ,6/16/2022,IDT,4.00E+06,Tapestation,20220621_Sacha01_Lifson01-AVP081_Libraries,GL38,GaleLab-38-rerun,NWGC - NovaSeq,S2 v1.5 200 cycle,7/25/2022,NA,vol08/ngs/Seattle_Genomics/Collaborations/SG_Sacha/Sacha-01/final-fastq-set,NA,G043_Sacha01_2_PA64_B_D14_RNA1_Lib1_GL38_S44_R1_001.fastq.gz,G043_Sacha01_2_PA64_B_D14_RNA1_Lib1_GL38_S44_R1_001.fastq.gz,G043,Sacha01,2,PA64,B,D14,RNA1,Lib1,GL38
G044_Sacha01_2_PA65_B_D14,PA65,cynomolgus macaque,M,Group 2,full length CyCMV/flu,0,avian influenza H5N1 virus,0,Protected,0,G044_Sacha01_2_PA65_B_D14,Male ,0,Whole Blood PAXgene,Day14,0,G044_Sacha01_2_PA65_B_D14_RNA1,G044,6/10/2022,IG,0,Tapestation,6/13/2022,8.4,0,G044_Sacha01_2_PA65_B_D14_RNA1_Lib1,KAPA globin depletion,IGOLEZ,6/16/2022,IDT,4F06,Tapestation,20220621_Sacha01_Lifson01-AVP081_Libraries,GL38,GaleLab-38-rerun,NWGC - NovaSeq,S2 v1.5 200 cycle,7/25/2022,NA,vol08/ngs/Seattle_Genomics/Collaborations/SG_Sacha/Sacha-01/final-fastq-set,NA,G044_Sacha01_2_PA65_B_D14_RNA1_Lib1_GL38_S45_R1_001.fastq.gz,G044_Sacha01_2_PA65_B_D14_RNA1_Lib1_GL38_S45_R1_001.fastq.gz,G044,Sacha01,2,PA65,B,D14,RNA1,Lib1,GL38
G045_Sacha01_2_PA67_B_D14,PA67,cynomolgus macaque,M,Group 2,full length CyCMV/flu,0,avian influenza H5N1 virus,0,Non protected,0,G045_Sacha01_2_PA67_B_D14,Male ,0,Whole Blood PAXgene,Day14,0,G045_Sacha01_2_PA67_B_D14_RNA1,G045,6/10/2022,IG,0,Tapestation,6/13/2022,8,0,G045_Sacha01_2_PA67_B_D14_RNA1_Lib1,KAPA globin depletion,IGOLEZ,6/16/2022,IDT,4G06,Tapestation,20220621_Sacha01_Lifson01-AVP081_Libraries,GL38,GaleLab-38-rerun,NWGC - NovaSeq,S2 v1.5 200 cycle,7/25/2022,NA,vol08/ngs/Seattle_Genomics/Collaborations/SG_Sacha/Sacha-01/final-fastq-set,NA,G045_Sacha01_2_PA67_B_D14_RNA1_Lib1_GL38_S46_R1_001.fastq.gz,G045_Sacha01_2_PA67_B_D14_RNA1_Lib1_GL38_S46_R1_001.fastq.gz,G045,Sacha01,2,PA67,B,D14,RNA1,Lib1,GL38
G046_Sacha01_2_PA69_B_D14,PA69,cynomolgus macaque,M,Group 2,full length CyCMV/flu,0,avian influenza H5N1 virus,0,Protected,0,G046_Sacha01_2_PA69_B_D14,Male ,0,Whole Blood PAXgene,Day14,0,G046_Sacha01_2_PA69_B_D14_RNA1,G046,6/10/2022,IG,0,Tapestation,6/13/2022,8.3,0,G046_Sacha01_2_PA69_B_D14_RNA1_Lib1,KAPA globin depletion,IGOLEZ,6/16/2022,IDT,4H06,Tapestation,20220621_Sacha01_Lifson01-AVP081_Libraries,merged,merged GL38 and GL47,NWGC - NovaSeq,S2 v1.5 200 cycle,multiple,NA,vol08/ngs/Seattle_Genomics/Collaborations/SG_Sacha/Sacha-01/final-fastq-set,NA,G046_Sacha01_2_PA69_B_D14_RNA1_Lib1_merged_R1_001.fastq.gz,G046_Sacha01_2_PA69_B_D14_RNA1_Lib1_merged_R1_001.fastq.gz,G046,Sacha01,2,PA69,B,D14,RNA1,Lib1,merged
G047_Sacha01_2_PA73_B_D14,PA73,cynomolgus macaque,F,Group 2,full length CyCMV/flu,0,avian influenza H5N1 virus,0,Deceased,0,G047_Sacha01_2_PA73_B_D14,Female,0,Whole Blood PAXgene,Day14,0,G047_Sacha01_2_PA73_B_D14_RNA1,G047,6/10/2022,IG,0,Tapestation,6/13/2022,8.1,0,G047_Sacha01_2_PA73_B_D14_RNA1_Lib1,KAPA globin depletion,IGOLEZ,6/16/2022,IDT,4A07,Tapestation,20220621_Sacha01_Lifson01-AVP081_Libraries,merged,merged GL38 and GL47,NWGC - NovaSeq,S2 v1.5 200 cycle,multiple,NA,vol08/ngs/Seattle_Genomics/Collaborations/SG_Sacha/Sacha-01/final-fastq-set,NA,G047_Sacha01_2_PA73_B_D14_RNA1_Lib1_merged_R1_001.fastq.gz,G047_Sacha01_2_PA73_B_D14_RNA1_Lib1_merged_R1_001.fastq.gz,G047,Sacha01,2,PA73,B,D14,RNA1,Lib1,merged
G048_Sacha01_2_PA75_B_D14,PA75,cynomolgus macaque,M,Group 2,full length CyCMV/flu,0,avian influenza H5N1 virus,0,Non protected,0,G048_Sacha01_2_PA75_B_D14,Male ,0,Whole Blood PAXgene,Day14,0,G048_Sacha01_2_PA75_B_D14_RNA1,G048,6/10/2022,IG,0,Tapestation,6/13/2022,7.8,0,G048_Sacha01_2_PA75_B_D14_RNA1_Lib1,KAPA globin depletion,IGOLEZ,6/16/2022,IDT,4B07,Tapestation,20220621_Sacha01_Lifson01-AVP081_Libraries,GL38,GaleLab-38-rerun,NWGC - NovaSeq,S2 v1.5 200 cycle,7/25/2022,NA,vol08/ngs/Seattle_Genomics/Collaborations/SG_Sacha/Sacha-01/final-fastq-set,NA,G048_Sacha01_2_PA75_B_D14_RNA1_Lib1_GL38_S49_R1_001.fastq.gz,G048_Sacha01_2_PA75_B_D14_RNA1_Lib1_GL38_S49_R1_001.fastq.gz,G048,Sacha01,2,PA75,B,D14,RNA1,Lib1,GL38
G049_Sacha01_1_PA62_B_D105,PA62,cynomolgus macaque,M,Group 1,68-1 CyCMV/flu,0,avian influenza H5N1 virus,0,Protected,0,G049_Sacha01_1_PA62_B_D105,Male ,0,Whole Blood PAXgene,Day105,0,G049_Sacha01_1_PA62_B_D105_RNA1,G049,6/10/2022,IG,0,Tapestation,6/13/2022,6.1,0,G049_Sacha01_1_PA62_B_D105_RNA1_Lib1,KAPA globin depletion,IGOLEZ,6/16/2022,IDT,4C07,Tapestation,20220621_Sacha01_Lifson01-AVP081_Libraries,GL38,GaleLab-38-rerun,NWGC - NovaSeq,S2 v1.5 200 cycle,7/25/2022,NA,vol08/ngs/Seattle_Genomics/Collaborations/SG_Sacha/Sacha-01/final-fastq-set,NA,G049_Sacha01_1_PA62_B_D105_RNA1_Lib1_GL38_S50_R1_001.fastq.gz,G049_Sacha01_1_PA62_B_D105_RNA1_Lib1_GL38_S50_R1_001.fastq.gz,G049,Sacha01,1,PA62,B,D105,RNA1,Lib1,GL38
G050_Sacha01_1_PA63_B_D105,PA63,cynomolgus macaque,M,Group 1,68-1 CyCMV/flu,0,avian influenza H5N1 virus,0,Non protected,0,G050_Sacha01_1_PA63_B_D105,Male ,0,Whole Blood PAXgene,Day105,0,G050_Sacha01_1_PA63_B_D105_RNA1,G050,6/10/2022,IG,0,Tapestation,6/13/2022,8.2,0,G050_Sacha01_1_PA63_B_D105_RNA1_Lib1,KAPA globin depletion,IGOLEZ,6/16/2022,IDT,4D07,Tapestation,20220621_Sacha01_Lifson01-AVP081_Libraries,merged,merged GL38 and GL47,NWGC - NovaSeq,S2 v1.5 200 cycle,multiple,NA,vol08/ngs/Seattle_Genomics/Collaborations/SG_Sacha/Sacha-01/final-fastq-set,NA,G050_Sacha01_1_PA63_B_D105_RNA1_Lib1_merged_R1_001.fastq.gz,G050_Sacha01_1_PA63_B_D105_RNA1_Lib1_merged_R1_001.fastq.gz,G050,Sacha01,1,PA63,B,D105,RNA1,Lib1,merged
G051_Sacha01_1_PA70_B_D105,PA70,cynomolgus macaque,M,Group 1,68-1 CyCMV/flu,0,avian influenza H5N1 virus,0,Non protected,0,G051_Sacha01_1_PA70_B_D105,Male ,0,Whole Blood PAXgene,Day105,0,G051_Sacha01_1_PA70_B_D105_RNA1,G051,6/10/2022,IG,0,Tapestation,6/13/2022,8.2,0,G051_Sacha01_1_PA70_B_D105_RNA1_Lib1,KAPA globin depletion,IGOLEZ,6/16/2022,IDT,4.00E+07,Tapestation,20220621_Sacha01_Lifson01-AVP081_Libraries,GL38,GaleLab-38-rerun,NWGC - NovaSeq,S2 v1.5 200 cycle,7/25/2022,NA,vol08/ngs/Seattle_Genomics/Collaborations/SG_Sacha/Sacha-01/final-fastq-set,NA,G051_Sacha01_1_PA70_B_D105_RNA1_Lib1_GL38_S52_R1_001.fastq.gz,G051_Sacha01_1_PA70_B_D105_RNA1_Lib1_GL38_S52_R1_001.fastq.gz,G051,Sacha01,1,PA70,B,D105,RNA1,Lib1,GL38
G052_Sacha01_1_PA71_B_D105,PA71,cynomolgus macaque,M,Group 1,68-1 CyCMV/flu,0,avian influenza H5N1 virus,0,Protected,0,G052_Sacha01_1_PA71_B_D105,Male ,0,Whole Blood PAXgene,Day105,0,G052_Sacha01_1_PA71_B_D105_RNA1,G052,6/10/2022,IG,0,Tapestation,6/13/2022,8,0,G052_Sacha01_1_PA71_B_D105_RNA1_Lib1,KAPA globin depletion,IGOLEZ,6/16/2022,IDT,4F07,Tapestation,20220621_Sacha01_Lifson01-AVP081_Libraries,GL38,GaleLab-38-rerun,NWGC - NovaSeq,S2 v1.5 200 cycle,7/25/2022,NA,vol08/ngs/Seattle_Genomics/Collaborations/SG_Sacha/Sacha-01/final-fastq-set,NA,G052_Sacha01_1_PA71_B_D105_RNA1_Lib1_GL38_S53_R1_001.fastq.gz,G052_Sacha01_1_PA71_B_D105_RNA1_Lib1_GL38_S53_R1_001.fastq.gz,G052,Sacha01,1,PA71,B,D105,RNA1,Lib1,GL38
G053_Sacha01_1_PA72_B_D105,PA72,cynomolgus macaque,F,Group 1,68-1 CyCMV/flu,0,avian influenza H5N1 virus,0,Protected,0,G053_Sacha01_1_PA72_B_D105,Female,0,Whole Blood PAXgene,Day105,0,G053_Sacha01_1_PA72_B_D105_RNA1,G053,6/10/2022,IG,0,Tapestation,6/13/2022,7.3,0,G053_Sacha01_1_PA72_B_D105_RNA1_Lib1,KAPA globin depletion,IGOLEZ,6/16/2022,IDT,4G07,Tapestation,20220621_Sacha01_Lifson01-AVP081_Libraries,GL38,GaleLab-38-rerun,NWGC - NovaSeq,S2 v1.5 200 cycle,7/25/2022,NA,vol08/ngs/Seattle_Genomics/Collaborations/SG_Sacha/Sacha-01/final-fastq-set,NA,G053_Sacha01_1_PA72_B_D105_RNA1_Lib1_GL38_S54_R1_001.fastq.gz,G053_Sacha01_1_PA72_B_D105_RNA1_Lib1_GL38_S54_R1_001.fastq.gz,G053,Sacha01,1,PA72,B,D105,RNA1,Lib1,GL38
G054_Sacha01_1_PA77_B_D105,PA77,cynomolgus macaque,M,Group 1,68-1 CyCMV/flu,0,avian influenza H5N1 virus,0,Protected,0,G054_Sacha01_1_PA77_B_D105,Male ,0,Whole Blood PAXgene,Day105,0,G054_Sacha01_1_PA77_B_D105_RNA1,G054,6/10/2022,IG,0,Tapestation,6/13/2022,8.1,0,G054_Sacha01_1_PA77_B_D105_RNA1_Lib1,KAPA globin depletion,IGOLEZ,6/16/2022,IDT,4H07,Tapestation,20220621_Sacha01_Lifson01-AVP081_Libraries,GL38,GaleLab-38-rerun,NWGC - NovaSeq,S2 v1.5 200 cycle,7/25/2022,NA,vol08/ngs/Seattle_Genomics/Collaborations/SG_Sacha/Sacha-01/final-fastq-set,NA,G054_Sacha01_1_PA77_B_D105_RNA1_Lib1_GL38_S55_R1_001.fastq.gz,G054_Sacha01_1_PA77_B_D105_RNA1_Lib1_GL38_S55_R1_001.fastq.gz,G054,Sacha01,1,PA77,B,D105,RNA1,Lib1,GL38
G055_Sacha01_2_PA64_B_D105,PA64,cynomolgus macaque,M,Group 2,full length CyCMV/flu,0,avian influenza H5N1 virus,0,Non protected,0,G055_Sacha01_2_PA64_B_D105,Male ,0,Whole Blood PAXgene,Day105,0,G055_Sacha01_2_PA64_B_D105_RNA1,G055,6/10/2022,IG,0,Tapestation,6/13/2022,7.6,0,G055_Sacha01_2_PA64_B_D105_RNA1_Lib1,KAPA globin depletion,IGOLEZ,6/16/2022,IDT,4A08,Tapestation,20220621_Sacha01_Lifson01-AVP081_Libraries,GL38,GaleLab-38-rerun,NWGC - NovaSeq,S2 v1.5 200 cycle,7/25/2022,NA,vol08/ngs/Seattle_Genomics/Collaborations/SG_Sacha/Sacha-01/final-fastq-set,NA,G055_Sacha01_2_PA64_B_D105_RNA1_Lib1_GL38_S56_R1_001.fastq.gz,G055_Sacha01_2_PA64_B_D105_RNA1_Lib1_GL38_S56_R1_001.fastq.gz,G055,Sacha01,2,PA64,B,D105,RNA1,Lib1,GL38
G056_Sacha01_2_PA65_B_D105,PA65,cynomolgus macaque,M,Group 2,full length CyCMV/flu,0,avian influenza H5N1 virus,0,Protected,0,G056_Sacha01_2_PA65_B_D105,Male ,0,Whole Blood PAXgene,Day105,0,G056_Sacha01_2_PA65_B_D105_RNA1,G056,6/10/2022,IG,0,Tapestation,6/13/2022,7.8,0,G056_Sacha01_2_PA65_B_D105_RNA1_Lib1,KAPA globin depletion,IGOLEZ,6/16/2022,IDT,4B08,Tapestation,20220621_Sacha01_Lifson01-AVP081_Libraries,GL38,GaleLab-38-rerun,NWGC - NovaSeq,S2 v1.5 200 cycle,7/25/2022,NA,vol08/ngs/Seattle_Genomics/Collaborations/SG_Sacha/Sacha-01/final-fastq-set,NA,G056_Sacha01_2_PA65_B_D105_RNA1_Lib1_GL38_S57_R1_001.fastq.gz,G056_Sacha01_2_PA65_B_D105_RNA1_Lib1_GL38_S57_R1_001.fastq.gz,G056,Sacha01,2,PA65,B,D105,RNA1,Lib1,GL38
G057_Sacha01_2_PA67_B_D105,PA67,cynomolgus macaque,M,Group 2,full length CyCMV/flu,0,avian influenza H5N1 virus,0,Non protected,0,G057_Sacha01_2_PA67_B_D105,Male ,0,Whole Blood PAXgene,Day105,0,G057_Sacha01_2_PA67_B_D105_RNA1,G057,6/10/2022,IG,0,Tapestation,6/13/2022,7.6,0,G057_Sacha01_2_PA67_B_D105_RNA1_Lib1,KAPA globin depletion,IGOLEZ,6/16/2022,IDT,4C08,Tapestation,20220621_Sacha01_Lifson01-AVP081_Libraries,GL38,GaleLab-38-rerun,NWGC - NovaSeq,S2 v1.5 200 cycle,7/25/2022,NA,vol08/ngs/Seattle_Genomics/Collaborations/SG_Sacha/Sacha-01/final-fastq-set,NA,G057_Sacha01_2_PA67_B_D105_RNA1_Lib1_GL38_S58_R1_001.fastq.gz,G057_Sacha01_2_PA67_B_D105_RNA1_Lib1_GL38_S58_R1_001.fastq.gz,G057,Sacha01,2,PA67,B,D105,RNA1,Lib1,GL38
G058_Sacha01_2_PA69_B_D105,PA69,cynomolgus macaque,M,Group 2,full length CyCMV/flu,0,avian influenza H5N1 virus,0,Protected,0,G058_Sacha01_2_PA69_B_D105,Male ,0,Whole Blood PAXgene,Day105,0,G058_Sacha01_2_PA69_B_D105_RNA1,G058,6/10/2022,IG,0,Tapestation,6/13/2022,6.9,0,G058_Sacha01_2_PA69_B_D105_RNA1_Lib1,KAPA globin depletion,IGOLEZ,6/16/2022,IDT,4D08,Tapestation,20220621_Sacha01_Lifson01-AVP081_Libraries,GL38,GaleLab-38-rerun,NWGC - NovaSeq,S2 v1.5 200 cycle,7/25/2022,NA,vol08/ngs/Seattle_Genomics/Collaborations/SG_Sacha/Sacha-01/final-fastq-set,NA,G058_Sacha01_2_PA69_B_D105_RNA1_Lib1_GL38_S59_R1_001.fastq.gz,G058_Sacha01_2_PA69_B_D105_RNA1_Lib1_GL38_S59_R1_001.fastq.gz,G058,Sacha01,2,PA69,B,D105,RNA1,Lib1,GL38
G059_Sacha01_2_PA73_B_D105,PA73,cynomolgus macaque,F,Group 2,full length CyCMV/flu,0,avian influenza H5N1 virus,0,Deceased,0,G059_Sacha01_2_PA73_B_D105,Female,0,Whole Blood PAXgene,Day105,0,G059_Sacha01_2_PA73_B_D105_RNA1,G059,6/10/2022,IG,0,Tapestation,6/13/2022,7.6,0,G059_Sacha01_2_PA73_B_D105_RNA1_Lib1,KAPA globin depletion,IGOLEZ,6/16/2022,IDT,4.00E+08,Tapestation,20220621_Sacha01_Lifson01-AVP081_Libraries,GL38,GaleLab-38-rerun,NWGC - NovaSeq,S2 v1.5 200 cycle,7/25/2022,NA,vol08/ngs/Seattle_Genomics/Collaborations/SG_Sacha/Sacha-01/final-fastq-set,NA,G059_Sacha01_2_PA73_B_D105_RNA1_Lib1_GL38_S60_R1_001.fastq.gz,G059_Sacha01_2_PA73_B_D105_RNA1_Lib1_GL38_S60_R1_001.fastq.gz,G059,Sacha01,2,PA73,B,D105,RNA1,Lib1,GL38
G060_Sacha01_2_PA75_B_D105,PA75,cynomolgus macaque,M,Group 2,full length CyCMV/flu,0,avian influenza H5N1 virus,0,Non protected,0,G060_Sacha01_2_PA75_B_D105,Male ,0,Whole Blood PAXgene,Day105,0,G060_Sacha01_2_PA75_B_D105_RNA1,G060,6/10/2022,IG,0,Tapestation,6/13/2022,7.6,0,G060_Sacha01_2_PA75_B_D105_RNA1_Lib1,KAPA globin depletion,IGOLEZ,6/16/2022,IDT,4F08,Tapestation,20220621_Sacha01_Lifson01-AVP081_Libraries,GL38,GaleLab-38-rerun,NWGC - NovaSeq,S2 v1.5 200 cycle,7/25/2022,NA,vol08/ngs/Seattle_Genomics/Collaborations/SG_Sacha/Sacha-01/final-fastq-set,NA,G060_Sacha01_2_PA75_B_D105_RNA1_Lib1_GL38_S61_R1_001.fastq.gz,G060_Sacha01_2_PA75_B_D105_RNA1_Lib1_GL38_S61_R1_001.fastq.gz,G060,Sacha01,2,PA75,B,D105,RNA1,Lib1,GL38
G061_Sacha01_2_PA62_B_D108,PA62,cynomolgus macaque,M,Group 1,68-1 CyCMV/flu,0,avian influenza H5N1 virus,0,Protected,0,G061_Sacha01_2_PA62_B_D108,Male ,0,Whole Blood PAXgene,Day108,0,G061_Sacha01_2_PA62_B_D108_RNA1,G061,6/10/2022,IG,0,Tapestation,6/13/2022,7.7,0,G061_Sacha01_2_PA62_B_D108_RNA1_Lib1,KAPA globin depletion,IGOLEZ,6/16/2022,IDT,4G08,Tapestation,20220621_Sacha01_Lifson01-AVP081_Libraries,merged,merged GL38 and GL47,NWGC - NovaSeq,S2 v1.5 200 cycle,multiple,NA,vol08/ngs/Seattle_Genomics/Collaborations/SG_Sacha/Sacha-01/final-fastq-set,NA,G061_Sacha01_2_PA62_B_D108_RNA1_Lib1_merged_R1_001.fastq.gz,G061_Sacha01_2_PA62_B_D108_RNA1_Lib1_merged_R1_001.fastq.gz,G061,Sacha01,2,PA62,B,D108,RNA1,Lib1,merged
G062_Sacha01_1_PA63_B_D108,PA63,cynomolgus macaque,M,Group 1,68-1 CyCMV/flu,0,avian influenza H5N1 virus,0,Non protected,0,G062_Sacha01_1_PA63_B_D108,Male ,0,Whole Blood PAXgene,Day108,0,G062_Sacha01_1_PA63_B_D108_RNA1,G062,6/10/2022,IG,0,Tapestation,6/13/2022,7.7,0,G062_Sacha01_1_PA63_B_D108_RNA1_Lib1,KAPA globin depletion,IGOLEZ,6/16/2022,IDT,4H08,Tapestation,20220621_Sacha01_Lifson01-AVP081_Libraries,GL38,GaleLab-38-rerun,NWGC - NovaSeq,S2 v1.5 200 cycle,7/25/2022,NA,vol08/ngs/Seattle_Genomics/Collaborations/SG_Sacha/Sacha-01/final-fastq-set,NA,G062_Sacha01_1_PA63_B_D108_RNA1_Lib1_GL38_S63_R1_001.fastq.gz,G062_Sacha01_1_PA63_B_D108_RNA1_Lib1_GL38_S63_R1_001.fastq.gz,G062,Sacha01,1,PA63,B,D108,RNA1,Lib1,GL38
G063_Sacha01_1_PA70_B_D108,PA70,cynomolgus macaque,M,Group 1,68-1 CyCMV/flu,0,avian influenza H5N1 virus,0,Non protected,0,G063_Sacha01_1_PA70_B_D108,Male ,0,Whole Blood PAXgene,Day108,0,G063_Sacha01_1_PA70_B_D108_RNA1,G063,6/10/2022,IG,0,Tapestation,6/13/2022,8.2,0,G063_Sacha01_1_PA70_B_D108_RNA1_Lib1,KAPA globin depletion,IGOLEZ,6/16/2022,IDT,4A09,Tapestation,20220621_Sacha01_Lifson01-AVP081_Libraries,GL38,GaleLab-38-rerun,NWGC - NovaSeq,S2 v1.5 200 cycle,7/25/2022,NA,vol08/ngs/Seattle_Genomics/Collaborations/SG_Sacha/Sacha-01/final-fastq-set,NA,G063_Sacha01_1_PA70_B_D108_RNA1_Lib1_GL38_S64_R1_001.fastq.gz,G063_Sacha01_1_PA70_B_D108_RNA1_Lib1_GL38_S64_R1_001.fastq.gz,G063,Sacha01,1,PA70,B,D108,RNA1,Lib1,GL38
G064_Sacha01_1_PA71_B_D108,PA71,cynomolgus macaque,M,Group 1,68-1 CyCMV/flu,0,avian influenza H5N1 virus,0,Protected,0,G064_Sacha01_1_PA71_B_D108,Male ,0,Whole Blood PAXgene,Day108,0,G064_Sacha01_1_PA71_B_D108_RNA1,G064,6/10/2022,IG,0,Tapestation,6/13/2022,8.3,0,G064_Sacha01_1_PA71_B_D108_RNA1_Lib1,KAPA globin depletion,IGOLEZ,6/16/2022,IDT,4B09,Tapestation,20220621_Sacha01_Lifson01-AVP081_Libraries,GL38,GaleLab-38-rerun,NWGC - NovaSeq,S2 v1.5 200 cycle,7/25/2022,NA,vol08/ngs/Seattle_Genomics/Collaborations/SG_Sacha/Sacha-01/final-fastq-set,NA,G064_Sacha01_1_PA71_B_D108_RNA1_Lib1_GL38_S65_R1_001.fastq.gz,G064_Sacha01_1_PA71_B_D108_RNA1_Lib1_GL38_S65_R1_001.fastq.gz,G064,Sacha01,1,PA71,B,D108,RNA1,Lib1,GL38
G065_Sacha01_1_PA72_B_D108,PA72,cynomolgus macaque,F,Group 1,68-1 CyCMV/flu,0,avian influenza H5N1 virus,0,Protected,0,G065_Sacha01_1_PA72_B_D108,Female,0,Whole Blood PAXgene,Day108,0,G065_Sacha01_1_PA72_B_D108_RNA1,G065,6/10/2022,IG,0,Tapestation,6/13/2022,7.7,0,G065_Sacha01_1_PA72_B_D108_RNA1_Lib1,KAPA globin depletion,IGOLEZ,6/16/2022,IDT,4C09,Tapestation,20220621_Sacha01_Lifson01-AVP081_Libraries,merged,merged GL38 and GL47,NWGC - NovaSeq,S2 v1.5 200 cycle,multiple,NA,vol08/ngs/Seattle_Genomics/Collaborations/SG_Sacha/Sacha-01/final-fastq-set,NA,G065_Sacha01_1_PA72_B_D108_RNA1_Lib1_merged_R1_001.fastq.gz,G065_Sacha01_1_PA72_B_D108_RNA1_Lib1_merged_R1_001.fastq.gz,G065,Sacha01,1,PA72,B,D108,RNA1,Lib1,merged
G066_Sacha01_1_PA77_B_D108,PA77,cynomolgus macaque,M,Group 1,68-1 CyCMV/flu,0,avian influenza H5N1 virus,0,Protected,0,G066_Sacha01_1_PA77_B_D108,Male ,0,Whole Blood PAXgene,Day108,0,G066_Sacha01_1_PA77_B_D108_RNA1,G066,6/10/2022,IG,0,Tapestation,6/13/2022,8.5,0,G066_Sacha01_1_PA77_B_D108_RNA1_Lib1,KAPA globin depletion,IGOLEZ,6/16/2022,IDT,4D09,Tapestation,20220621_Sacha01_Lifson01-AVP081_Libraries,GL38,GaleLab-38-rerun,NWGC - NovaSeq,S2 v1.5 200 cycle,7/25/2022,NA,vol08/ngs/Seattle_Genomics/Collaborations/SG_Sacha/Sacha-01/final-fastq-set,NA,G066_Sacha01_1_PA77_B_D108_RNA1_Lib1_GL38_S67_R1_001.fastq.gz,G066_Sacha01_1_PA77_B_D108_RNA1_Lib1_GL38_S67_R1_001.fastq.gz,G066,Sacha01,1,PA77,B,D108,RNA1,Lib1,GL38
G067_Sacha01_2_PA64_B_D108,PA64,cynomolgus macaque,M,Group 2,full length CyCMV/flu,0,avian influenza H5N1 virus,0,Non protected,0,G067_Sacha01_2_PA64_B_D108,Male ,0,Whole Blood PAXgene,Day108,0,G067_Sacha01_2_PA64_B_D108_RNA1,G067,6/10/2022,IG,0,Tapestation,6/13/2022,8.1,0,G067_Sacha01_2_PA64_B_D108_RNA1_Lib1,KAPA globin depletion,IGOLEZ,6/16/2022,IDT,4.00E+09,Tapestation,20220621_Sacha01_Lifson01-AVP081_Libraries,GL38,GaleLab-38-rerun,NWGC - NovaSeq,S2 v1.5 200 cycle,7/25/2022,NA,vol08/ngs/Seattle_Genomics/Collaborations/SG_Sacha/Sacha-01/final-fastq-set,NA,G067_Sacha01_2_PA64_B_D108_RNA1_Lib1_GL38_S68_R1_001.fastq.gz,G067_Sacha01_2_PA64_B_D108_RNA1_Lib1_GL38_S68_R1_001.fastq.gz,G067,Sacha01,2,PA64,B,D108,RNA1,Lib1,GL38
G068_Sacha01_2_PA65_B_D108,PA65,cynomolgus macaque,M,Group 2,full length CyCMV/flu,0,avian influenza H5N1 virus,0,Protected,0,G068_Sacha01_2_PA65_B_D108,Male ,0,Whole Blood PAXgene,Day108,0,G068_Sacha01_2_PA65_B_D108_RNA1,G068,6/10/2022,IG,0,Tapestation,6/13/2022,8.2,0,G068_Sacha01_2_PA65_B_D108_RNA1_Lib1,KAPA globin depletion,IGOLEZ,6/16/2022,IDT,4F09,Tapestation,20220621_Sacha01_Lifson01-AVP081_Libraries,GL38,GaleLab-38-rerun,NWGC - NovaSeq,S2 v1.5 200 cycle,7/25/2022,NA,vol08/ngs/Seattle_Genomics/Collaborations/SG_Sacha/Sacha-01/final-fastq-set,NA,G068_Sacha01_2_PA65_B_D108_RNA1_Lib1_GL38_S69_R1_001.fastq.gz,G068_Sacha01_2_PA65_B_D108_RNA1_Lib1_GL38_S69_R1_001.fastq.gz,G068,Sacha01,2,PA65,B,D108,RNA1,Lib1,GL38
G069_Sacha01_2_PA67_B_D108,PA67,cynomolgus macaque,M,Group 2,full length CyCMV/flu,0,avian influenza H5N1 virus,0,Non protected,0,G069_Sacha01_2_PA67_B_D108,Male ,0,Whole Blood PAXgene,Day108,0,G069_Sacha01_2_PA67_B_D108_RNA1,G069,6/10/2022,IG,0,Tapestation,6/13/2022,7.5,0,G069_Sacha01_2_PA67_B_D108_RNA1_Lib1,KAPA globin depletion,IGOLEZ,6/16/2022,IDT,4G09,Tapestation,20220621_Sacha01_Lifson01-AVP081_Libraries,GL38,GaleLab-38-rerun,NWGC - NovaSeq,S2 v1.5 200 cycle,7/25/2022,NA,vol08/ngs/Seattle_Genomics/Collaborations/SG_Sacha/Sacha-01/final-fastq-set,NA,G069_Sacha01_2_PA67_B_D108_RNA1_Lib1_GL38_S70_R1_001.fastq.gz,G069_Sacha01_2_PA67_B_D108_RNA1_Lib1_GL38_S70_R1_001.fastq.gz,G069,Sacha01,2,PA67,B,D108,RNA1,Lib1,GL38
G070_Sacha01_2_PA69_B_D108,PA69,cynomolgus macaque,M,Group 2,full length CyCMV/flu,0,avian influenza H5N1 virus,0,Protected,0,G070_Sacha01_2_PA69_B_D108,Male ,0,Whole Blood PAXgene,Day108,0,G070_Sacha01_2_PA69_B_D108_RNA1,G070,6/10/2022,IG,0,Tapestation,6/13/2022,6.5,0,G070_Sacha01_2_PA69_B_D108_RNA1_Lib1,KAPA globin depletion,IGOLEZ,6/16/2022,IDT,4H09,Tapestation,20220621_Sacha01_Lifson01-AVP081_Libraries,GL38,GaleLab-38-rerun,NWGC - NovaSeq,S2 v1.5 200 cycle,7/25/2022,NA,vol08/ngs/Seattle_Genomics/Collaborations/SG_Sacha/Sacha-01/final-fastq-set,NA,G070_Sacha01_2_PA69_B_D108_RNA1_Lib1_GL38_S71_R1_001.fastq.gz,G070_Sacha01_2_PA69_B_D108_RNA1_Lib1_GL38_S71_R1_001.fastq.gz,G070,Sacha01,2,PA69,B,D108,RNA1,Lib1,GL38
G071_Sacha01_2_PA73_B_D108,PA73,cynomolgus macaque,F,Group 2,full length CyCMV/flu,0,avian influenza H5N1 virus,0,Deceased,0,G071_Sacha01_2_PA73_B_D108,Female,0,Whole Blood PAXgene,Day108,0,G071_Sacha01_2_PA73_B_D108_RNA1,G071,6/10/2022,IG,0,Tapestation,6/13/2022,8.1,0,G071_Sacha01_2_PA73_B_D108_RNA1_Lib1,KAPA globin depletion,IGOLEZ,6/16/2022,IDT,4A10,Tapestation,20220621_Sacha01_Lifson01-AVP081_Libraries,GL38,GaleLab-38-rerun,NWGC - NovaSeq,S2 v1.5 200 cycle,7/25/2022,NA,vol08/ngs/Seattle_Genomics/Collaborations/SG_Sacha/Sacha-01/final-fastq-set,NA,G071_Sacha01_2_PA73_B_D108_RNA1_Lib1_GL38_S72_R1_001.fastq.gz,G071_Sacha01_2_PA73_B_D108_RNA1_Lib1_GL38_S72_R1_001.fastq.gz,G071,Sacha01,2,PA73,B,D108,RNA1,Lib1,GL38
G072_Sacha01_2_PA75_B_D108,PA75,cynomolgus macaque,M,Group 2,full length CyCMV/flu,0,avian influenza H5N1 virus,0,Non protected,0,G072_Sacha01_2_PA75_B_D108,Male ,0,Whole Blood PAXgene,Day108,0,G072_Sacha01_2_PA75_B_D108_RNA1,G072,6/10/2022,IG,0,Tapestation,6/13/2022,5.7,0,G072_Sacha01_2_PA75_B_D108_RNA1_Lib1,KAPA globin depletion,IGOLEZ,6/16/2022,IDT,4B10,Tapestation,20220621_Sacha01_Lifson01-AVP081_Libraries,GL38,GaleLab-38-rerun,NWGC - NovaSeq,S2 v1.5 200 cycle,7/25/2022,NA,vol08/ngs/Seattle_Genomics/Collaborations/SG_Sacha/Sacha-01/final-fastq-set,NA,G072_Sacha01_2_PA75_B_D108_RNA1_Lib1_GL38_S73_R1_001.fastq.gz,G072_Sacha01_2_PA75_B_D108_RNA1_Lib1_GL38_S73_R1_001.fastq.gz,G072,Sacha01,2,PA75,B,D108,RNA1,Lib1,GL38
G073_Sacha01_1_PA62_B_D119,PA62,cynomolgus macaque,M,Group 1,68-1 CyCMV/flu,0,avian influenza H5N1 virus,0,Protected,0,G073_Sacha01_1_PA62_B_D119,Male ,0,Whole Blood PAXgene,Day119,0,G073_Sacha01_1_PA62_B_D119_RNA1,G073,6/10/2022,IG,0,Tapestation,6/13/2022,8,0,G073_Sacha01_1_PA62_B_D119_RNA1_Lib1,KAPA globin depletion,IGOLEZ,6/16/2022,IDT,4C10,Tapestation,20220621_Sacha01_Lifson01-AVP081_Libraries,GL38,GaleLab-38-rerun,NWGC - NovaSeq,S2 v1.5 200 cycle,7/25/2022,NA,vol08/ngs/Seattle_Genomics/Collaborations/SG_Sacha/Sacha-01/final-fastq-set,NA,G073_Sacha01_1_PA62_B_D119_RNA1_Lib1_GL38_S74_R1_001.fastq.gz,G073_Sacha01_1_PA62_B_D119_RNA1_Lib1_GL38_S74_R1_001.fastq.gz,G073,Sacha01,1,PA62,B,D119,RNA1,Lib1,GL38
G074_Sacha01_1_PA63_B_D119,PA63,cynomolgus macaque,M,Group 1,68-1 CyCMV/flu,0,avian influenza H5N1 virus,0,Non protected,0,G074_Sacha01_1_PA63_B_D119,Male ,0,Whole Blood PAXgene,Day119,0,G074_Sacha01_1_PA63_B_D119_RNA1,G074,6/10/2022,IG,0,Tapestation,6/13/2022,8.4,0,G074_Sacha01_1_PA63_B_D119_RNA1_Lib1,KAPA globin depletion,IGOLEZ,6/16/2022,IDT,4D10,Tapestation,20220621_Sacha01_Lifson01-AVP081_Libraries,GL38,GaleLab-38-rerun,NWGC - NovaSeq,S2 v1.5 200 cycle,7/25/2022,NA,vol08/ngs/Seattle_Genomics/Collaborations/SG_Sacha/Sacha-01/final-fastq-set,NA,G074_Sacha01_1_PA63_B_D119_RNA1_Lib1_GL38_S75_R1_001.fastq.gz,G074_Sacha01_1_PA63_B_D119_RNA1_Lib1_GL38_S75_R1_001.fastq.gz,G074,Sacha01,1,PA63,B,D119,RNA1,Lib1,GL38
G075_Sacha01_1_PA70_B_D119,PA70,cynomolgus macaque,M,Group 1,68-1 CyCMV/flu,0,avian influenza H5N1 virus,0,Non protected,0,G075_Sacha01_1_PA70_B_D119,Male ,0,Whole Blood PAXgene,Day119,0,G075_Sacha01_1_PA70_B_D119_RNA1,G075,6/10/2022,IG,0,Tapestation,6/13/2022,8,0,G075_Sacha01_1_PA70_B_D119_RNA1_Lib1,KAPA globin depletion,IGOLEZ,6/16/2022,IDT,4.00E+10,Tapestation,20220621_Sacha01_Lifson01-AVP081_Libraries,GL38,GaleLab-38-rerun,NWGC - NovaSeq,S2 v1.5 200 cycle,7/25/2022,NA,vol08/ngs/Seattle_Genomics/Collaborations/SG_Sacha/Sacha-01/final-fastq-set,NA,G075_Sacha01_1_PA70_B_D119_RNA1_Lib1_GL38_S76_R1_001.fastq.gz,G075_Sacha01_1_PA70_B_D119_RNA1_Lib1_GL38_S76_R1_001.fastq.gz,G075,Sacha01,1,PA70,B,D119,RNA1,Lib1,GL38
G076_Sacha01_1_PA71_B_D119,PA71,cynomolgus macaque,M,Group 1,68-1 CyCMV/flu,0,avian influenza H5N1 virus,0,Protected,0,G076_Sacha01_1_PA71_B_D119,Male ,0,Whole Blood PAXgene,Day119,0,G076_Sacha01_1_PA71_B_D119_RNA1,G076,6/10/2022,IG,0,Tapestation,6/13/2022,8.2,0,G076_Sacha01_1_PA71_B_D119_RNA1_Lib1,KAPA globin depletion,IGOLEZ,6/16/2022,IDT,4F10,Tapestation,20220621_Sacha01_Lifson01-AVP081_Libraries,GL38,GaleLab-38-rerun,NWGC - NovaSeq,S2 v1.5 200 cycle,7/25/2022,NA,vol08/ngs/Seattle_Genomics/Collaborations/SG_Sacha/Sacha-01/final-fastq-set,NA,G076_Sacha01_1_PA71_B_D119_RNA1_Lib1_GL38_S77_R1_001.fastq.gz,G076_Sacha01_1_PA71_B_D119_RNA1_Lib1_GL38_S77_R1_001.fastq.gz,G076,Sacha01,1,PA71,B,D119,RNA1,Lib1,GL38
G077_Sacha01_1_PA72_B_D119,PA72,cynomolgus macaque,F,Group 1,68-1 CyCMV/flu,0,avian influenza H5N1 virus,0,Protected,0,G077_Sacha01_1_PA72_B_D119,Female,0,Whole Blood PAXgene,Day119,0,G077_Sacha01_1_PA72_B_D119_RNA1,G077,6/10/2022,IG,0,Tapestation,6/13/2022,7,0,G077_Sacha01_1_PA72_B_D119_RNA1_Lib1,KAPA globin depletion,IGOLEZ,6/16/2022,IDT,4G10,Tapestation,20220621_Sacha01_Lifson01-AVP081_Libraries,GL38,GaleLab-38-rerun,NWGC - NovaSeq,S2 v1.5 200 cycle,7/25/2022,NA,vol08/ngs/Seattle_Genomics/Collaborations/SG_Sacha/Sacha-01/final-fastq-set,NA,G077_Sacha01_1_PA72_B_D119_RNA1_Lib1_GL38_S78_R1_001.fastq.gz,G077_Sacha01_1_PA72_B_D119_RNA1_Lib1_GL38_S78_R1_001.fastq.gz,G077,Sacha01,1,PA72,B,D119,RNA1,Lib1,GL38
G078_Sacha01_1_PA77_B_D119,PA77,cynomolgus macaque,M,Group 1,68-1 CyCMV/flu,0,avian influenza H5N1 virus,0,Protected,0,G078_Sacha01_1_PA77_B_D119,Male ,0,Whole Blood PAXgene,Day119,0,G078_Sacha01_1_PA77_B_D119_RNA1,G078,6/10/2022,IG,0,Tapestation,6/13/2022,7.8,0,G078_Sacha01_1_PA77_B_D119_RNA1_Lib1,KAPA globin depletion,IGOLEZ,6/16/2022,IDT,4H10,Tapestation,20220621_Sacha01_Lifson01-AVP081_Libraries,GL38,GaleLab-38-rerun,NWGC - NovaSeq,S2 v1.5 200 cycle,7/25/2022,NA,vol08/ngs/Seattle_Genomics/Collaborations/SG_Sacha/Sacha-01/final-fastq-set,NA,G078_Sacha01_1_PA77_B_D119_RNA1_Lib1_GL38_S79_R1_001.fastq.gz,G078_Sacha01_1_PA77_B_D119_RNA1_Lib1_GL38_S79_R1_001.fastq.gz,G078,Sacha01,1,PA77,B,D119,RNA1,Lib1,GL38
G079_Sacha01_2_PA64_B_D119,PA64,cynomolgus macaque,M,Group 2,full length CyCMV/flu,0,avian influenza H5N1 virus,0,Non protected,0,G079_Sacha01_2_PA64_B_D119,Male ,0,Whole Blood PAXgene,Day119,0,G079_Sacha01_2_PA64_B_D119_RNA1,G079,6/10/2022,IG,0,Tapestation,6/13/2022,7.9,0,G079_Sacha01_2_PA64_B_D119_RNA1_Lib1,KAPA globin depletion,IGOLEZ,6/16/2022,IDT,4A11,Tapestation,20220621_Sacha01_Lifson01-AVP081_Libraries,merged,merged GL38 and GL47,NWGC - NovaSeq,S2 v1.5 200 cycle,multiple,NA,vol08/ngs/Seattle_Genomics/Collaborations/SG_Sacha/Sacha-01/final-fastq-set,NA,G079_Sacha01_2_PA64_B_D119_RNA1_Lib1_merged_R1_001.fastq.gz,G079_Sacha01_2_PA64_B_D119_RNA1_Lib1_merged_R1_001.fastq.gz,G079,Sacha01,2,PA64,B,D119,RNA1,Lib1,merged
G080_Sacha01_2_PA65_B_D119,PA65,cynomolgus macaque,M,Group 2,full length CyCMV/flu,0,avian influenza H5N1 virus,0,Protected,0,G080_Sacha01_2_PA65_B_D119,Male ,0,Whole Blood PAXgene,Day119,0,G080_Sacha01_2_PA65_B_D119_RNA1,G080,6/10/2022,IG,0,Tapestation,6/13/2022,8.1,0,G080_Sacha01_2_PA65_B_D119_RNA1_Lib1,KAPA globin depletion,IGOLEZ,6/16/2022,IDT,4B11,Tapestation,20220621_Sacha01_Lifson01-AVP081_Libraries,GL38,GaleLab-38-rerun,NWGC - NovaSeq,S2 v1.5 200 cycle,7/25/2022,NA,vol08/ngs/Seattle_Genomics/Collaborations/SG_Sacha/Sacha-01/final-fastq-set,NA,G080_Sacha01_2_PA65_B_D119_RNA1_Lib1_GL38_S81_R1_001.fastq.gz,G080_Sacha01_2_PA65_B_D119_RNA1_Lib1_GL38_S81_R1_001.fastq.gz,G080,Sacha01,2,PA65,B,D119,RNA1,Lib1,GL38
G081_Sacha01_2_PA67_B_D119,PA67,cynomolgus macaque,M,Group 2,full length CyCMV/flu,0,avian influenza H5N1 virus,0,Non protected,0,G081_Sacha01_2_PA67_B_D119,Male ,0,Whole Blood PAXgene,Day119,0,G081_Sacha01_2_PA67_B_D119_RNA1,G081,6/10/2022,IG,0,Tapestation,6/13/2022,7.5,0,G081_Sacha01_2_PA67_B_D119_RNA1_Lib1,KAPA globin depletion,IGOLEZ,6/16/2022,IDT,4C11,Tapestation,20220621_Sacha01_Lifson01-AVP081_Libraries,merged,merged GL38 and GL47,NWGC - NovaSeq,S2 v1.5 200 cycle,multiple,NA,vol08/ngs/Seattle_Genomics/Collaborations/SG_Sacha/Sacha-01/final-fastq-set,NA,G081_Sacha01_2_PA67_B_D119_RNA1_Lib1_merged_R1_001.fastq.gz,G081_Sacha01_2_PA67_B_D119_RNA1_Lib1_merged_R1_001.fastq.gz,G081,Sacha01,2,PA67,B,D119,RNA1,Lib1,merged
G082_Sacha01_2_PA69_B_D119,PA69,cynomolgus macaque,M,Group 2,full length CyCMV/flu,0,avian influenza H5N1 virus,0,Protected,0,G082_Sacha01_2_PA69_B_D119,Male ,0,Whole Blood PAXgene,Day119,0,G082_Sacha01_2_PA69_B_D119_RNA1,G082,6/10/2022,IG,0,Tapestation,6/13/2022,8.5,0,G082_Sacha01_2_PA69_B_D119_RNA1_Lib1,KAPA globin depletion,IGOLEZ,6/16/2022,IDT,4.00E+11,Tapestation,20220621_Sacha01_Lifson01-AVP081_Libraries,GL38,GaleLab-38-rerun,NWGC - NovaSeq,S2 v1.5 200 cycle,7/25/2022,NA,vol08/ngs/Seattle_Genomics/Collaborations/SG_Sacha/Sacha-01/final-fastq-set,NA,G082_Sacha01_2_PA69_B_D119_RNA1_Lib1_GL38_S84_R1_001.fastq.gz,G082_Sacha01_2_PA69_B_D119_RNA1_Lib1_GL38_S84_R1_001.fastq.gz,G082,Sacha01,2,PA69,B,D119,RNA1,Lib1,GL38
G083_Sacha01_2_PA73_B_D119,PA73,cynomolgus macaque,F,Group 2,full length CyCMV/flu,0,avian influenza H5N1 virus,0,Deceased,0,G083_Sacha01_2_PA73_B_D119,Female,0,Whole Blood PAXgene,Day119,0,G083_Sacha01_2_PA73_B_D119_RNA1,G083,6/10/2022,IG,0,Tapestation,6/13/2022,8.3,0,G083_Sacha01_2_PA73_B_D119_RNA1_Lib1,KAPA globin depletion,IGOLEZ,6/16/2022,IDT,4F11,Tapestation,20220621_Sacha01_G083_Libraries,GL38,GaleLab-38-rerun,NWGC - NovaSeq,S2 v1.5 200 cycle,7/25/2022,NA,vol08/ngs/Seattle_Genomics/Collaborations/SG_Sacha/Sacha-01/final-fastq-set,NA,G083_Sacha01_2_PA73_B_D119_RNA1_Lib1_GL38_S85_R1_001.fastq.gz,G083_Sacha01_2_PA73_B_D119_RNA1_Lib1_GL38_S85_R1_001.fastq.gz,G083,Sacha01,2,PA73,B,D119,RNA1,Lib1,GL38
G084_Sacha01_2_PA75_B_D119,PA75,cynomolgus macaque,M,Group 2,full length CyCMV/flu,0,avian influenza H5N1 virus,0,Non protected,0,G084_Sacha01_2_PA75_B_D119,Male ,0,Whole Blood PAXgene,Day119,0,G084_Sacha01_2_PA75_B_D119_RNA1,G084,6/10/2022,IG,0,Tapestation,6/13/2022,6.5,0,G084_Sacha01_2_PA75_B_D119_RNA1_Lib1,KAPA globin depletion,IGOLEZ,6/16/2022,IDT,4G11,Tapestation,20220621_Sacha01_Lifson01-AVP081_Libraries,GL38,GaleLab-38-rerun,NWGC - NovaSeq,S2 v1.5 200 cycle,7/25/2022,NA,vol08/ngs/Seattle_Genomics/Collaborations/SG_Sacha/Sacha-01/final-fastq-set,NA,G084_Sacha01_2_PA75_B_D119_RNA1_Lib1_GL38_S86_R1_001.fastq.gz,G084_Sacha01_2_PA75_B_D119_RNA1_Lib1_GL38_S86_R1_001.fastq.gz,G084,Sacha01,2,PA75,B,D119,RNA1,Lib1,GL38
